:020000040800F2
:10000000105E00206D03000857600008A54D000831
:10001000295E0008BD2600082575000800000000C4
:10002000000000000000000000000000D5020008F1
:10003000F12A00080000000019030008816D000883
:100040008703000887030008870300088703000868
:100050008703000887030008870300088703000858
:100060008703000887030008870300088703000848
:100070008703000887030008870300088703000838
:10008000352A0008412A0008870300088703000872
:100090008703000887030008870300088703000818
:1000A0008703000887030008870300088703000808
:1000B00087030008870300088703000887030008F8
:1000C00087030008870300088703000887030008E8
:1000D00087030008870300081975000887030008D4
:1000E00087030008870300088703000887030008C8
:1000F00087030008870300088703000887030008B8
:1001000087030008870300088703000887030008A7
:100110008703000887030008870300088703000897
:100120008703000887030008870300088703000887
:100130008703000887030008870300088703000877
:100140008703000887030008870300088703000867
:100150008703000887030008870300088703000857
:100160008703000887030008870300088703000847
:1001700087030008870300088703000800000000C9
:10018000870300088703000800F002F800F092F8E7
:100190000AA090E8000C82448344AAF10107DA45E2
:1001A00001D100F087F8AFF2090EBAE80F0013F0A2
:1001B000010F18BFFB1A43F00103184784A9000080
:1001C000A4A90000103A24BF78C878C1FAD8520711
:1001D00024BF30C830C144BF04680C6070470000C1
:1001E0000023002400250026103A28BF78C1FBD840
:1001F000520728BF30C148BF0B6070476E2900F01E
:10020000EF84702901F05F80662909F079876529FC
:1002100009F07687672909F07387612909F07287E9
:1002200003681B0A28BF41F08001692900F0BA81E8
:10023000642900F0B781752900F0B4816F2900F0BE
:10024000EC87782901F02B80E92900F08787E429E1
:1002500000F08487F52900F08187EF2900F0E98715
:10026000F82901F02A800368DB0928BF41F08001EA
:10027000632900F00887732900F00D87E32901F056
:100280003F82F32901F04482002070471FB509F036
:1002900032FF01F023F804000020002109F09EFE47
:1002A000401C60600020002109F082FEE0601FBD5C
:1002B00010B510BD01F0C6FA1146FFF7E7FF07F0D1
:1002C00087FA01F0EDFA03B4FFF7F2FF03BC01F087
:1002D00031FB0000224B19680868B0E8F00F80F38A
:1002E0000988BFF36F8F4FF0000080F311884EF044
:1002F0000D0E70470000000006480068006880F39B
:10030000088862B661B6BFF34F8FBFF36F8F00DF0F
:1003100000BF00BF08ED00E0EFF30980BFF36F8F6F
:100320000F4B1A6820E9F00F106008B54FF050002D
:1003300080F31188BFF34F8FBFF36F8F08F05CFE1F
:100340004FF0000080F31188BDE808401968086884
:10035000B0E8F00F80F30988BFF36F8F704700BFDC
:100360009C000020EFF3058070470000094880479B
:1003700009480047FEE7FEE7FEE7FEE7FEE7FEE787
:10038000FEE7FEE7FEE7FEE704480549054A064B9F
:1003900070470000316E00088901000810580020E5
:1003A000105E0020105A0020105A002053EA020C60
:1003B00000F069802DE9F04B4FF00006002B1FBFC5
:1003C000B3FA83F503FA05F424FA05F65E4012BF8A
:1003D0001643B2FA82F502FA05F4C5F120051EBFF4
:1003E00022FA05FC44EA0C04203556EA044C4FEA94
:1003F000144418BF641C4FF000084FF000099042ED
:1004000071EB030C39D3002919BFB1FA81F701FA56
:1004100007F6B0FA80F700FA07F6C7F120071EBF0B
:1004200020FA07FC46EA0C062037B6FBF4FCA7EBE3
:100430000507103F07F01F0BCBF120060CFA0BFB52
:100440002CFA06F644BFB3460026202FA4BF5E4612
:100450004FF0000B5BEA060C08BF4FF0010B19EBE5
:100460000B09ABFB027C48EB0608C01B06FB02CC69
:100470000BFB03CC71EB0C01C1E70B460246414676
:100480004846BDE8F08B13B54FF000004FF0000177
:10049000AFF30080BDE81C40704710B54C1084EAF3
:1004A000530404D54042C1F1000138BF491E1B422C
:1004B00004D55242C3F1000338BF5B1EFFF776FF3D
:1004C00014F0804F04D04042C1F1000138BF491EF2
:1004D00014F0004F04D05242C3F1000338BF5B1E3A
:1004E00010BD00007CB51D4616460C00009001D0E2
:1004F0002044401E074B7B442A4669460190304603
:1005000000F097FD05461CB10020694600F0A4FDEF
:1005100028467CBD690B00000FB47CB50C0009AA0D
:10052000009001D02044401E084B7B446946019056
:10053000089800F07EFD05461CB10020694600F0D9
:100540008BFD28467CBC5DF814FB0000350B0000D9
:1005500070B50C460546012A05D02878800600D5DE
:10056000EA69002302E0012305E05B1C934202D20A
:10057000E05C0028F9D1A869E618C01AA861286AC9
:1005800018442862284600F099FA04E0D5E90121D0
:1005900014F8010B9047B442F8D3284600F0A4FAAF
:1005A00070BD00002DE9F041064600241068752951
:1005B000314616A510D000F0A8FA002802DA404211
:1005C00013A507E031688A0701D512A502E04907A3
:1005D00004D511A5012401E000F0A0FA00210A22AF
:1005E00006F1240709E0B0FBF2FCB0FBF2F302FBDA
:1005F0001C00303078541846491C0028F3D123469B
:100600002A463046BDE8F04100F091BA00000000F3
:100610002D0000002B000000200000002DE9F05FFD
:10062000894604464FF0000ADFF874B1FB44C0F875
:1006300020A02046E1688847002874D0252806D0ED
:10064000D4E901219047206A401C2062F1E700268E
:100650005F462046E16888472028054607DB312DA4
:1006600005D2781910F8200C08B10643F1E7B0075D
:1006700001D526F00406C4F81CA00027C4F818A071
:100680002A2D09D0284607F02FF838B304EB870845
:10069000303DC8F8185019E059F8041B204604EB07
:1006A00087029161E1688847012F054618D1E0690A
:1006B000002820DA26F020061DE0D8F8180000EB0C
:1006C000800005EB40003038C8F818002046E1688B
:1006D0008847054607F008F80028EED1012F0AD018
:1006E0002E2D08D12046E16888477F1C0546022F41
:1006F00046F02006C4DBA069002803DA404246F039
:100700000106A061F00701D026F010066C2D0BD079
:10071000682D09D04C2D39D06A2D35D0742D35D0A7
:100720007A2D33D016E038E0E1682F46204688471E
:10073000B842054609D16C2F26D04FF48060E1689D
:10074000064320468847054604E06C2F1AD04FF434
:10075000807006430DB3A5F14100192802D8203559
:1007600046F400664A462946204626604E46FFF774
:1007700045FD80B101280BD0F61D26F0070000F1E1
:10078000080956E74020E4E78020D8E70020D6E7B4
:1007900006F104094DE7284652E7206ABDE8F09FBC
:1007A000ACA3000040EA010310B59B070FD1042A57
:1007B0000DD310C808C9121F9C42F8D020BA19BA2C
:1007C000884201D9012010BD4FF0FF3010BD1AB191
:1007D000D30703D0521C07E0002010BD10F8013BE6
:1007E00011F8014B1B1B07D110F8013B11F8014B0D
:1007F0001B1B01D1921EF1D1184610BD10B5431C30
:1008000002E010F8011B71B18107FAD14FF00132FB
:1008100002C88C1A8C4314EAC211F9D0C01A0A0615
:1008200003D0C01E10BDC01A10BD0A0401D0801E26
:1008300010BD0902FCD0401E10BD40EA010370B596
:100840009B072ED14FF00136042A2AD308C810C9BD
:100850009D1B9D43121F15EAC61517D0D8B2E1B2F1
:10086000401A50EA056110D198B2A1B2401A50EA7C
:1008700005410AD123F07F4024F07F41401A50EA1D
:10088000052102D1180EA0EB146070BDA342DBD08D
:1008900018BA21BA884201D9012070BD4FF0FF304B
:1008A00070BD0AB9002070BD10F8013B11F8014B72
:1008B00063B1A3420AD1521E08D010F8013B11F8CF
:1008C000014B1BB1A34201D1521EEDD1181B70BDCB
:1008D000032A40F2308010F0030C00F0158011F86C
:1008E000013BBCF1020F624498BF11F801CB00F844
:1008F000013B38BF11F8013BA2F1040298BF00F898
:1009000001CB38BF00F8013B11F0030300F0258054
:10091000083AC0F0088051F8043B083A51F804CB7B
:10092000A0E80810F5E7121D5CBF51F8043B40F841
:10093000043BAFF30080D20724BF11F8013B11F84C
:1009400001CB48BF11F8012B24BF00F8013B00F890
:1009500001CB48BF00F8012B704710B5203AC0F01A
:100960000B80B1E81850203AA0E81850B1E81850B0
:10097000A0E81850BFF4F5AF5FEA027C24BFB1E8ED
:100980001850A0E8185044BF18C918C0BDE810405E
:100990005FEA827C24BF51F8043B40F8043B08BF67
:1009A0007047D20728BF31F8023B48BF11F8012B2E
:1009B00028BF20F8023B48BF00F8012B704702F027
:1009C000FF0343EA032242EA024200F002B84FF07A
:1009D00000020429C0F0128010F0030C00F01B800C
:1009E000CCF1040CBCF1020F18BF00F8012BA8BF1A
:1009F00020F8022BA1EB0C0100F00DB85FEAC17CDE
:100A000024BF00F8012B00F8012B48BF00F8012B90
:100A100070474FF0000200B51346944696462039C1
:100A200022BFA0E80C50A0E80C50B1F12001BFF4A7
:100A3000F7AF090728BFA0E80C5048BF0CC05DF80D
:100A400004EB890028BF40F8042B08BF704748BF5B
:100A500020F8022B11F0804F18BF00F8012B7047CF
:100A600010B5044610F0030F08BF11F0030F40F05B
:100A700015804FF0013E121FC0F20E8051F8043B6A
:100A8000A3EB0E0C2CEA030C1CEACE1C08BF40F8AA
:100A9000043BF0D0A1F1040102F10402521E08DB74
:100AA00011F8013B002B00F8013BF7D11146FFF78D
:100AB0008EFF204610BD70477047704770B50446E2
:100AC00085690068C10601D5302600E02026C007F0
:100AD00007D070BDD4E9012130469047206A401C00
:100AE00020626D1EF6D570BD70B50446856900782C
:100AF000C00707D170BDD4E9012120209047206AAA
:100B0000401C20626D1EF6D570BD09684A0501D5EE
:100B100040B27047C905FCD500B2704709684A0564
:100B200001D5C0B27047C905FCD580B270472DE928
:100B3000F0470D4699469246044600F124080168A4
:100B4000880604D5E06921F01001216000E0012051
:100B5000A84201DD471B00E00027A1697A1902EBDA
:100B60000900081AA0612078C00602D42046FFF7C9
:100B7000A5FF002608E0D4E901211AF806009047F5
:100B8000206A401C761C20624E45F4DB2078C006AB
:100B90000AD52046FFF792FF06E0D4E90121302074
:100BA0009047206A401C2062381EA7F10107F4DC40
:100BB00007E0D4E9012118F805009047206A401C9D
:100BC0002062281EA5F10105F3DC2046FFF78CFF0B
:100BD0002078000602D50220BDE8F0870120FBE75F
:100BE00011680268006A530501D508700AE0D30550
:100BF00001D5088006E0130603D5C217C1E900023B
:100C000000E008600120704770472DE9FF4F0C4657
:100C10001E464FF0FF378BB0D2E90001DDF860804F
:100C20000A908A46C1F30A5505B93D460021084697
:100C30004FF00000BAF1000F00F4400005DA00EBBD
:100C400080004FF4400101EA50004FEA9059B9F199
:100C5000010F00DDB9460A9850EA4A000ED044F66A
:100C60001050A5F2FF3545432F14B8F1000F1ED0E8
:100C70007542291E1EDDC9F100021CE0B8F1010F0A
:100C80004FF0000001D0302103E0F24305E0215491
:100C9000401CB042FBDB30460022002121540B995E
:100CA000C1F80880C1E900200FB0BDE8F08FBD1B7E
:100CB0006D1CDEE74A4600DA694206A800F02CFD0A
:100CC00006AB93E8070003AB83E8070050460A9998
:100CD00000F037FE8DE80700A0F500501F380090A7
:100CE0000398002D0ADD42F21F014A460844002302
:100CF00003A90390684601F0A0F809E0A0F50050B0
:100D00004A461F38002303A90390684601F0AAF859
:100D10008DE807000004000C03D04FF0FF304108BD
:100D200000E01046B8F1000F03D0002200921546F3
:100D30001EE0751E05D400F0D5FA303262556D1EE6
:100D4000F9D5B3460122084302D000227F1C04E0FB
:100D50002078302801D100227F1E002A099784D0F4
:100D60001DE0112D07DA00F0BDFA303262556D1C1E
:100D700050EA0102F5D1084302D00098C8B10EE054
:100D80000021681E05E0235C625C63542254401E0F
:100D9000491C8142F7DBAB46A81B401E099000208E
:100DA00004F80B000B98099AC0F80880C0E9002BE2
:100DB0007AE711264FF0000857E72DE9F04F8846F3
:100DC0000446D21D22F0070191B0D1E90001CDE91E
:100DD0000A0106F061FC02460B98C00F01D02D20DD
:100DE00007E02068810701D52B2002E0202101EADD
:100DF000C000032A099001D0072A05DB03464146BB
:100E0000204600F033FC0BE12078800601D5E06934
:100E100000E00620B8F1650F814606D0B8F1660FF4
:100E200018D0B8F1670F70D131E00020B9F1110F7F
:100E3000009001DB112301E009F101030AAA01A9D5
:100E40000CA8FFF7E2FEDDE90C70002609F10105B0
:100E5000834647E001204B4600904FF000470AAA26
:100E600001A90CA8FFF7D1FEDDE90DB00C995D4694
:100E7000002610B909F101000D18B9EB050003D4E3
:100E8000C0F1FF3609F10105A5EB09002BE0B9F12E
:100E9000010F01DA4FF001090020B9F1110F0090A4
:100EA000484601DD112300E003460AAA01A90CA867
:100EB000FFF7ABFEDDE90C704D4600268346207837
:100EC00000070AD4AB4500DA5D4601A8012D04DD18
:100ED000411911F8011C302907D04F4502DA17F1EA
:100EE000040F04DA012082460FE06D1EEEE7002FAA
:100EF00002DCED1B3E4403E0781CA84200DD7D1CB3
:100F0000B81B00F1010A4FF000472078000703D416
:100F1000AA4501DB4FF0FF3A0021B7F1004F0DF178
:100F200043088DF8431024D002202B23002F01DA30
:100F30007F422D230A21021EA0F1010000DC5FB1D7
:100F400097FBF1FC97FBF1F201FB1C7C17460CF1BF
:100F5000300C08F801CDEEE7A8F1010003702188FC
:100F6000090501D5452100E06521A0F1010800F83F
:100F7000011C09980FA9A1EB0807FF1D00B1012072
:100F8000411901EBEA70A1693844081A401EA061BA
:100F90002078C00602D42046FFF790FD099828B1BA
:100FA000D4E901219047206A401C20622078C006C5
:100FB00022D52046FFF782FD1EE0002E04DBB3455C
:100FC00002DD01A8805D00E03020D4E901219047D6
:100FD000206A401C2062761CAAF101005FEA000A28
:100FE0000AD100F07BF9C0680168405CD4E90121B6
:100FF0009047206A401C2062281EA5F10105DCDC18
:1010000007E0D4E9012118F8010B9047206A401C41
:101010002062381EA7F10107F3DC2046FFF764FDCC
:10102000032011B041E6000001694A1C0261087802
:10103000704700B58FB0CDE9013100210591054918
:101040007944CDE9031011466846FFF7E7FA0FB07F
:1010500000BD0000E5FFFFFF0A6802F8010B0A600F
:101060007047D1E900239A4202D2531C0B601070E2
:10107000704710B5436913B1AFF3008001E0FFF78B
:1010800067FA012010BD127800F124010A700022D5
:101090004A700122EDE711684FF0FF32E9E70000E6
:1010A0002DE9FF5F15468A460446DFF8AC80F84418
:1010B0000027D8E900103E46CDE9001010E03AF8CC
:1010C00016106A4602A800F099FB411C07D021784F
:1010D000890603D5E269391891420DD80744761C78
:1010E0002078800602D5E069B84205DDAE42E6DB35
:1010F0003AF816000028E2D1A069C01BA061204682
:10110000FFF7DCFCD8E90010CDE90010002017E063
:101110003AF818106A4602A800F070FBB0F1FF3FE1
:1011200081460BD000250DF1080B05E0D4E9012123
:101130001BF8050090476D1C4D45F7D308F10100E1
:10114000B0428046E4DB206A384420622046FFF744
:10115000CBFCBDE8FF9F00003E9900002DE9F04167
:101160008046D21D22F007020025D2E90002F529AF
:1011700015A614D0011E72F1000106DA0023D0EB8F
:10118000030063EB020211A608E0D8F800108B07F9
:1011900001D50FA602E0490701D50EA6012511468B
:1011A000002408F1240704E000F09CF830323A559E
:1011B000641C50EA0102F7D12B46324621464046D4
:1011C000BDE8F041FFF7B3BC000000002D000000B7
:1011D0002B0000002000000030B4002100F12404A6
:1011E00008E002F00705D208303542EA4372DB0816
:1011F0006554491C52EA0305F3D10468002310A288
:10120000250707D5A40600D421B1C46901230DA286
:10121000641EC46130BCFFF78ABC10B50446214689
:101220001068FFF77BFC02462046BDE81040002313
:10123000D2E7D21D22F00701D1E90023CCE700005C
:101240000000000030000000F0B40D4601880905E0
:1012500002D5214C7C4402E01F4C7C440E3400211A
:1012600000F1240608E002F00F071209E75D42EAE8
:1012700003721B097754491C52EA0307F3D1027821
:101280000023120704D5702D06D009B102231134B2
:101290002246F0BCFFF74BBC01231034F8E770B5D1
:1012A00004460D4621461068FFF738FC02462946E1
:1012B0002046BDE870400023C6E7D21D22F0070398
:1012C000D3E90023C0E70368126843F020030360FA
:1012D0000823C3610023B7E7A097000000487047C8
:1012E000CC57002030B5B0F10A024FEA900E71F1F0
:1012F00000034EEA817EB0EB0E0061EB91014FEAF4
:10130000101E4EEA017E10EB0E0041EB11114FEA68
:10131000102E4EEA016E10EB0E0041EB11214FEA48
:10132000104E4EEA014E10EB0E0041EB11414018F9
:1013300041F100014FEAD00040EA41704FEAD1018B
:1013400010EB80054FEA810444EA907444EB0104F9
:101350006D1944EB0404521BA3414FF0000348BF36
:101360000A3200D530BD401C41F1000130BD000003
:101370002DE9F04F04460D46D21D22F0070089B03A
:10138000D0E900974846394606F086F90246F80F3C
:1013900001D02D2307E02068810701D52B2302E02F
:1013A000202101EAC0038DF820300BB1012000E0BC
:1013B0000020032A824601D0072A04DB2946204662
:1013C00000F054F93FE12078800601D40D2500E0BB
:1013D000E569C7F30A560D2D49DA00214FEA175B7C
:1013E00008464FF00000002F00F4400007DA00EB41
:1013F00080004FF4400100EBD07001EA60008115DD
:10140000012901DD4FF0FF3100224FEA850CBCF1CC
:10141000180F06D31346ACF118004FF08052C240AB
:1014200003E04FF4801323FA0CF30CF10C0CBCF125
:10143000200F04D3ACF1200C09FA0CF001E007FAFC
:101440000CF000294FF0004801DD18B90FE00ED173
:1014500040450CD319EB02095F4121B9404502D147
:101460009F4329EA0209BBEB175F00D0761C208856
:10147000000502D57B48784402E07A487844193860
:1014800008AA302302F80A30037C0AF10101002E79
:101490000AF1020A53546A4602DC4FF0300101E0BF
:1014A0004FF031014FF001088DF8001002D0A6F284
:1014B000FF3603E059EA470100D06B4E002D02DCF5
:1014C0002178090704D54FF002082E218DF801106C
:1014D000C44600210BE0C7F303433F01C35C491C32
:1014E0006D1E02F80830052908F1010801DA002D07
:1014F000F1DC00210CE000EB1973491C1B786D1E18
:10150000082902F808304FEA091908F1010801DA40
:10151000002DF0DC21688B0602D516E0A8F1010849
:10152000E04505DD02EB080313F8013C302BF5D054
:10153000B8F1000F09DD02EB080313F8013C2E2B74
:1015400003D1090701D4A8F10108002D05DD3E21D2
:1015500002F808106D1E08F10108407C002E02F808
:10156000080008F1010804DA2D20764202F808008C
:1015700002E02B2002F808000A214FF47A7086421C
:1015800008F101080BDB96FBF0F3303302F808306A
:1015900096FBF0F308F1010800FB136601E0642EEE
:1015A0000CDB642096FBF0F3303302F8083096FB36
:1015B000F0F308F1010800FB136601E00A2E06DBD8
:1015C00096FBF1F0303002F8080008F1010896FBB4
:1015D000F1F001FB1060303002F80800A16908F159
:1015E000010808EB050202EB0A00081AA061207846
:1015F000C00602D42046FFF761FA216A08AE01EB6B
:101600000A00206204E0D4E9012116F8010B90479A
:10161000BAF1010AF7D22078C00602D52046FFF7BA
:101620004DFA6E4609E016F8010B3E280FD0D4E9BA
:1016300001219047206A401C2062B8F10108F2D2D3
:101640002046FFF751FA09B00320BDE8F08F206A69
:101650002844206203E0D4E90121302090476D1E28
:10166000EBD3F8E7B995000002FCFFFF2DE9F0414C
:101670001F46044603260168072A01F4006004DBC4
:1016800008B116A505E016A503E008B115A500E010
:1016900015A521F010002060A069C01EA0610FB147
:1016A000401EA0612046FFF709FA4FB1D4E901219D
:1016B00038469047206A401C2062C01C206206E029
:1016C000206AFAE7D4E9012115F8010B9047761E4C
:1016D000F8D22046FFF708FABDE8F0814E414E00EF
:1016E0006E616E00494E4600696E660010B5436932
:1016F00013B1AFF3008001E0FFF7D2FC012010BD71
:10170000128800F1240182840022C2840122EDE7C4
:1017100011684FF0FF32E9E72DE9F04781461646A0
:101720008AB0354878440DC88DE80D0032487844B9
:10173000801C03AC0DC884E80D0041F69B300844C2
:10174000372190FBF1F290FBF1F5A5F1800501FB4B
:1017500012041B3C02D56442012000E00020DFF8A7
:1017600098A080460027FA44AAF1BE0A0EE0E007DE
:101770000AD03246684607EB470101230AEB810194
:1017800000F070FB8DE8070064107F1C002CEED188
:10179000194F7F44AE3F19E0E80715D007EB04105E
:1017A0000DF1180A90E80E008AE80E00C068F042B9
:1017B00001D1981908903246012306A903A800F028
:1017C00051FB03AB83E807006D10641C002DE3D1CF
:1017D0004FF0010332466946B8F1000F03A802D06A
:1017E00000F02BFB01E000F03DFBC9E90001C9F866
:1017F00008200AB0BDE8F0879C93000070B516463B
:101800000C46054600F044F8036893F801010128EE
:1018100006D0FF2C0FD8185D68B101202C7070BD68
:10182000D3F807013246214603F207130344284642
:10183000BDE8704018474FF0FF3070BD004870475A
:10184000AC5700207546FFF7F9FFAE460500694624
:10185000534620F00700854618B020B5FEF794FDEA
:10186000BDE820404FF000064FF000074FF00008A1
:101870004FF0000B21F00701AC46ACE8C009ACE822
:10188000C009ACE8C009ACE8C0098D46704700004B
:1018900010B5FFF723FD001D10BD00BF41870000FC
:1018A00010B50446AFF300802046BDE81040FEF7B7
:1018B0000ABD00004FF0013C50F8042B51F8043BE6
:1018C0009A4221D1A2EB0C03934313EACC1317D114
:1018D00050F8042B51F8043B9A4215D1A2EB0C03AB
:1018E000934313EACC130BD150F8042B51F8043B6B
:1018F0009A4209D1A2EB0C03934313EACC13DBD039
:101900004FF00000704700BFD01A01BAB1FA81F160
:1019100001F0180122FA01F0CB40C1F12001DBB245
:10192000C0B2C01A2CFA01F3D11A914311EAC311C3
:10193000E6D1704701491820ABBEFEE72600020041
:1019400070475FEA400C08BF91F0000F4FEA8C230C
:101950004FEAC12243EA51514FEA1C5018BF00F52B
:10196000F0404FEA300018BF41F000415FEA6C5C84
:1019700000F02980BCF1FF3F08BF40F08040704775
:10198000130C06BF12044FF0100C4FF0000C130E96
:1019900004BF12020CF1080C130F04BF12010CF16A
:1019A000040C930F04BF92000CF1020CD30F04BF80
:1019B00052000CF1010C11464FF00002A0F11F0083
:1019C000A0EB0C00704711F0004F08BF704731F0DA
:1019D00000413FF4D5AF0B0C06BF09044FF0100CCB
:1019E0004FF0000C0B0E04BF09020CF1080C0B0F9A
:1019F00004BF09010CF1040C8B0F04BF89000CF12A
:101A0000020CCB0F04BF49000CF1010CCCF12003F8
:101A1000A0EB0C0022FA03F302FA0CF241EA0301F4
:101A200000F10100704720F07F4C80EA030023F0B2
:101A30007F47ACEB070303F57C5300F0004003F154
:101A4000FF032DE980494FEA154B09B44FEA1443CF
:101A500025EA0B4E24EA03480FF2042606EB13276F
:101A600049083E785FEA320203FB0667C7F50007C4
:101A700007FB06F64FEA54374FEAD64606F1020650
:101A800007FB066CCCF1005C4FEA1C472CEA074CC4
:101A900007FB06F40CFB06F504EB15464FEA961619
:101AA00034BF00204FF000404FEAD13706FB07FC5F
:101AB0004FEA1C4C0CFB0BF7D21B03FB0CF761EB42
:101AC00007010CFB0EF7B0EB074072EB17420CFB63
:101AD00008F734BFA2EB0742B2EB074261EB1741B4
:101AE0004FEA0C444FEA910706FB07FC4FEA1C4CF7
:101AF0000CFB0BF7B0EBC74072EB573203FB0CF754
:101B000034BFA2EBC742B2EBC74261EB57310CFBCB
:101B10000EF7B0EBC70072EB57720CFB08F734BF3F
:101B2000A2EBC702B2EBC70261EB5771039F4FEA0A
:101B3000816141EA921104EBCC044FEAD1374FEABC
:101B4000826206FB07FC42EA90124FEA80604FEA8D
:101B50001C4C0CFB0BF7D21B03FB0CF761EB0701D2
:101B60000CFB0EF7B0EB074072EB17420CFB08F7CB
:101B700034BFA2EB0742B2EB074261EB17414FEAD9
:101B80008C554FEA910704EB9C2406FB07FC4FEAB7
:101B90001C4C0CFB0BF7B0EBC74072EB573203FB4E
:101BA0000CF734BFA2EBC742B2EBC74261EB57312F
:101BB0000CFB0EF7B0EBC70072EB57720CFB08F78B
:101BC00034BFA2EBC702B2EBC70261EB577115EB52
:101BD0004C254FEA816141EA92114FEA82624FEA55
:101BE000D13742EA901206FB07FC44F100044FEAA9
:101BF00080604FEA1C4C0CFB0BF7D21B03FB0CF76D
:101C000061EB07010CFB0EF7B0EB074072EB1742DC
:101C10000CFB08F734BFA2EB0742B2EB074261EBC3
:101C2000174115EB1C154FEA813141EA92414FEA09
:101C3000823242EA90424FEA80304FEA0C7644F119
:101C4000000448EA03434EEA0B484FF0000EB2EBA3
:101C5000080C71EB030724BF624639464EEB0E0EAB
:101C60004FF0000B0018524149414BEB0B0BB2EB0C
:101C7000080C71EB03077BF1000B24BF6246394669
:101C80004EEB0E0E4FF0000B0018524149414BEB4A
:101C90000B0BB2EB080C71EB03077BF1000B24BFBD
:101CA000624639464EEB0E0E51EA020718BF46F067
:101CB000010616EB0E7655F1000254F1000103D532
:101CC000BDE88901BDE80088BDE88901BDE800489C
:101CD000B619524141EB0101A3F101037047808025
:101CE0007F7E7D7C7B7A7978777676757473727176
:101CF00071706F6E6E6D6C6C6B6A6A69686867662E
:101D000066656464636362616160605F5F5E5E5DBF
:101D10005D5C5C5B5B5A5A59595858575756565533
:101D200055555454535352525251515050504F4F95
:101D30004F4E4E4D4D4D4C4C4C4B4B4B4A4A4A49E5
:101D40004949484848474747474646464545454428
:101D50004444444343434342424242414141002BB5
:101D60009C4630D477002BD01CB54FEA370703B41C
:101D70004FF010004FF01001BAF1000F06D0BCF187
:101D8000000FDCBF40F0080040F008014FF00000F9
:101D90000FBCBDE810400BF1010BBBF1010F08BFF8
:101DA0005FEA170722BF12F1010211F101014FF0A2
:101DB000004143F1000300F0004043EA0000704797
:101DC000F9D35708D0E746EA064613F1400F4FEA29
:101DD00016461FDD13F1200FDFBF16430A46002110
:101DE00020335B42BED0C3F1200746EA064602FA22
:101DF00007F74FEA164646EA0706C3F1200722FA1C
:101E000003F201FA07F721FA03F14FF0000342EA67
:101E10000702A7E746EA020646EA06464FEA1646E2
:101E200046EA0106BCBF46EA0646360C4FF0000300
:101E30004FF000024FF0000194E72DE9804C9A46E4
:101E4000934670B491E8380007C831EA400C48BFA7
:101E500034EA430C03D5FFF7E6FDFFF780FFF0BC43
:101E6000BDE8008C2DE9804C9A46934670B491E809
:101E7000380007C810F0804F08BF13F0804F03D11F
:101E800000F005F8FFF76BFFF0BCBDE8008C20F018
:101E90007F4780EA030023F07F4C07EB0C03A3F598
:101EA0007C5300F00040A3F1FE0392F0000F00F01D
:101EB000B38095F0000F00F077802DE901494FEADB
:101EC00011404FEA144621EA004800FB06FC24EAD0
:101ED000064708FB06F607FB08F800FB07F718EBB8
:101EE00006484CEB164C4FEA124B18EB07484FEAEA
:101EF00015464CEB174022EA0B4E0BFB06FC25EA7D
:101F000006470EFB06F607FB0EFE0BFB07F71EEB64
:101F1000064E4CEB164C4FF000061EEB074E4CEBFA
:101F2000174B18EB0B0840F1000018EB0E0B58EBA9
:101F3000000840F100008F1A4FF000013CBFC94378
:101F4000661B14BFB5EB040C00213CBFC943F61B54
:101F50004FEA17444EEA8E0E27EA04454FEA1C4723
:101F600004FB07622CEA074C05FB07F70CFB05F6A0
:101F700004FB0CFC16EB074642EB174216EB0C4633
:101F800042EB1C421BEB060658EB0202414146EABB
:101F90009E0601D5BDE80189B619524141EB010108
:101FA000A3F10103BDE801894FEA14454FEA114747
:101FB00024EA054621EA074C05FB07F406FB07F770
:101FC0000CFB06F105FB0CFC11EB074144EB17443D
:101FD0004FEA124711EB0C4144EB1C4422EA074C38
:101FE00005FB07F206FB07F70CFB06F605FB0CFCEE
:101FF00016EB074642EB174216EB0C4642EB1C452C
:102000006A1854F1000148BF7047B619524141EBBC
:102010000101A3F10103704795F0000F37D04FEA9B
:1020200011424FEA144721EA024624EA074C02FB18
:1020300007F106FB07F70CFB06F402FB0CFC14EBA4
:10204000074441EB17414FEA154714EB0C4441EBB1
:102050001C4125EA074C02FB07F506FB07F70CFBC2
:1020600006F602FB0CFC16EB074645EB174516EB94
:102070000C4645EB1C42121951F1000148BF704754
:10208000B619524141EB0101A3F1010370474FEA38
:1020900014454FEA114724EA054621EA074C05FB9F
:1020A00007F106FB07F70CFB06F24FF0000605FBF5
:1020B0000CFC12EB074241EB174112EB0C4251EBC7
:1020C0001C4148BF7047921841EB0101A3F1010385
:1020D00070470000464910B54A6822F440324A6011
:1020E0004A6843681A434A6001684A6822F4807269
:1020F0004A6001684A68036942EA03224A6001684B
:102100004A6822F040724A6001684A6883681A434C
:102110004A6001688A6822F400628A6001688A68FD
:10212000C3681A438A60816A6FF07062D1420168A5
:102130008A6822F070628A6001688A680CD0836ABB
:102140001A438A6001688A6822F040528A600168F6
:102150008A68C36A1A4301E022F040528A6001682B
:102160008A6822F002028A6001688A68037E42EA75
:1021700043028A6090F82010002901684A680FD055
:1021800042F400624A6001684A6822F460424A6090
:1021900001684A68174C436A04EB43331A4301E071
:1021A00022F400624A600168CA6A22F47002CA62BC
:1021B0000168CA6A838B104C04EB03531A43CA624A
:1021C00001688A6822F400728A6001688A6890F85F
:1021D000303042EA43228A6001688A6822F48062D1
:1021E0008A6001688A68406942EA8020886010BD80
:1021F0000023014000E0FFFF0000F0FF1FB50021B9
:10220000009001200291039101906946014800F07D
:102210008BFD1FBDEC03002010EE100A0B49884215
:1022200002DC9FED0B0A704710EE100A0949DFED42
:102230000A0A884202DBB0EE600A7047DFED071A37
:1022400080EE211A21EE200A704700006F12833AB7
:10225000000000003333534000007A4433335340CE
:1022600010EE100A0D49884202DC9FED0D0A7047FE
:1022700010EE100A0B49DFED0C0A884202DBB0EECB
:10228000600A70479FED091ADFED091A30EE411A16
:1022900081EE210A20EE200A704700009A99193F2A
:1022A00000000000333333400000FA439A99193F8D
:1022B000CCCC0C4000EE100ADFED050A9FED051AAC
:1022C000B8EE400A60EE200A80EE810A70470000F6
:1022D0003333534000F07F4508B501226946D020D2
:1022E00000F0CCF9002819D100F01CF8002815D115
:1022F0000121F22000F0D0F900280FD12721F4208D
:1023000000F0CAF9002809D1A021F52000F0C4F995
:10231000002803D1024901200873002008BD0000F5
:10232000C802002010B588B01A226946882000F043
:10233000A5F9002847D1254CBDF8000007222080D0
:10234000BDF802006080BDF80400A080BDF8060062
:10235000E080BDF808002081BDF80A006081BDF86A
:102360000C00A081BDF80E00E081BDF810002082B5
:10237000BDF812006082BDF81400A082BDF81600FE
:10238000E0829DF8190020766946E12000F076F998
:10239000002818D1BDF8000060839DF80200207766
:1023A0009DF804009DF80320014662F31F11E183AC
:1023B0009DF80510090141EA101020849DF80600DF
:1023C00084F82200002008B010BD0000A002002008
:1023D0002DE9F74FA44884B0007B00287ED0082266
:1023E0006946F72000F04AF9002878D19DF80000EE
:1023F0009D4C01039DF80100283C41EA00109DF826
:10240000021040EA111B9DF8030001039DF804002F
:1024100041EA00109DF8051040EA1111BDF80600D0
:1024200040BA03902288C810A0EB4200C2EB2111F1
:10243000B4F902304943B4F9042043430913D812D4
:102440004A4300EBA23000EB800180310912606248
:1024500002918649C2178146411842F1FF30A1FB23
:102460000123B4F9105000FB0133A2FB05C701FBA7
:10247000003A0AFB0573EE1702FB0638B4F90E307A
:10248000A3FB0167DD1705FB017503FB00535B042C
:10249000750443EAD63315EB0C0543EB080315F13D
:1024A000000EB4F90A50B4F90C60A2FB057C43EBB2
:1024B000C6080AFB05C34FEAE57602FB0632B4F90B
:1024C00008304FEA1725A3FB017C4FEAE37606FBB1
:1024D00001C103FB001045EA026501E093E093E0CF
:1024E0004FEA00314FEA073041EA1751281841EB13
:1024F0002222001C42F50043E2880021A0FB026575
:1025000003FB025200FB01204210C31752EA0300F2
:102510007DD04FF480160020DBEB060160EBEB7002
:102520004FEAC07545EA51054FEAC171B1EB0E069D
:1025300040F63541A6FB010C65EB080505FB01C122
:10254000002706FB0711FDF7A8FFB4F91630420B70
:1025500042EAC142A3FB027CDD1705FB02C54E1314
:1025600003FB0653A7FB025C03FB02C207FB062327
:102570006A0E42EAC3124FEA636CB4F91430A3FB4B
:102580000067DD1705FB007503FB0155F30C801890
:1025900043EA453341EB0C01C01841EBE5414FEAFA
:1025A000102040EA0160B4F912104FEA01114018FE
:1025B000039AE38B4FEA8232A2EB0352B4F9203044
:1025C000A9F5963103FB1121A1F580414FEAE131D4
:1025D0004FF4405202EBC131B4F91A2002F5004227
:1025E00001FB02F14FEAA1414FEAE13212FB02F294
:1025F00094F922304FEAE21202FB1311091108D5B7
:1026000000210BE003E0012007B0BDE8F08F0020BF
:10261000CEE74FF0C852914200DD1146029ADFED3D
:10262000140A00EE102A0913049AB8EEC00A80EECC
:10263000201A00EE101ADFED0F0AB8EEC00A20EEE5
:10264000200ADFED0D0A82ED001A059981ED000ADE
:1026500000EE100A0698B8EEC00A80EE201A80ED4F
:10266000001A0020D0E70000C8020020000CFEFF86
:102670000000C8420000803A0000C8460EB54FF086
:10268000FF338DE80E0002460123EC21014801F0E2
:102690009FF90EBD3404002003B583B04FF0FF3323
:1026A000012204A98DE80E0013460246EC210248DF
:1026B00001F090FA05B000BD34040020FEE70000F0
:1026C00038B504464FF41271FEF7A3F901F0B1F8E2
:1026D000C4F8400201F0ADF8054600F027F918B142
:1026E0003DA00023009002E03DA0022300903FA205
:1026F0000021204605F05EF800F0E8F818B13EA091
:102700000023009002E040A00223009040A201219B
:10271000204605F04FF800F025F918B13DA0002340
:10272000009002E03FA00223009041A20221204637
:1027300005F040F800F052F918B13EA000230090D7
:1027400002E03EA0022300903FA20321204605F0B4
:1027500031F800F023F918B13DA00023009002E009
:102760003DA0022300903FA20421204605F022F85C
:1027700000F0C0F818B13DA00023009002E03DA099
:10278000022300903FA20521204605F013F800F037
:102790001AF918B13DA00023009002E03DA00223E9
:1027A00000903FA20621204605F004F800F0AEF8A4
:1027B00018B13DA00023009002E03FA0022300904A
:1027C00040A20721204604F0F5FF01F032F8401B3B
:1027D000C4F8440238BD000069643D3078363000EA
:1027E0006E6F206465766963650000004932435F5F
:1027F000424D453238300000636F6E766572736902
:102800006F6E206F6B00000074696D656F757400EA
:1028100041444300636F6C6F72207465737420646D
:102820006F6E650066736D63206572726F72000073
:102830004C4344007478206F6B000000747820666D
:1028400061696C656400000055415254000000004D
:1028500070776D206F6B000070776D206572726FFE
:10286000720000004D4F544F520000007277206FED
:102870006B000000726561646261636B2066616970
:102880006C00000046534D43000000006461746119
:10289000206F6B0072656164206661696C000000E6
:1028A00053454E534F520000706172616D2061724A
:1028B0006561206F6B000000756E657870656374EC
:1028C00065640000464C41534800000010B50848BC
:1028D00000F084FB3221064800F02AFB044604483D
:1028E00000F0FAFB0CB1002010BD012010BD00006B
:1028F000EC0300204FF0C0414AF6552008800988BB
:10290000814201D1012070470020704705480068CE
:10291000411C02D00449884201D1012070470020A7
:102920007047000000F8070853524E451FB50020BD
:102930008DF80C000121642203A88DE807000B46E6
:10294000D022EC21064801F043F818B99DF80C009C
:10295000602802D0002004B010BD0120FBE7000079
:102960003404002010B502F01FFD4FF4784002F04F
:1029700039FC642000F09CFD4FF4FC6002F032FC56
:10298000642000F095FD1F2002F02CFC642000F074
:102990008FFD002002F026FC012010BD10B503F0D1
:1029A00045FA322003F07AFAC82000F081FD03F0E6
:1029B0000DFB322003F0BEFAC82000F079FD03F0D1
:1029C00008FB012010BD0EB502AA01A96846FFF759
:1029D000FFFC08B100200EBD01200EBD1FB50FA3E6
:1029E0000FCB8DE80F006846FDF708FF82B2642325
:1029F00069460E4802F0FCF804466846FDF7FEFE04
:102A000082B2642369460A4802F0F2F8044302D015
:102A1000002004B010BD0120FBE7000055415254D6
:102A20005F544553545F4F4B0D0A000030050020A2
:102A300078050020014800F0C9BB0000C005002057
:102A4000014800F0C3BB00002006002001681823E5
:102A5000CAB2103AB2FBF3F2054B6FF30901032A35
:102A60009B5CC36500D9091D81650846704700005D
:102A7000BCA9000810B5014600208B698A6A4FF096
:102A8000C07453B1B3F5005F15D072B1012A0CD0F8
:102A9000022A0AD0032A09D104E01AB1012A06D079
:102AA000022A03D1C96AC90100D5012010BDC96A33
:102AB000A142FAD010BD002AF7D0012AF2D0022A92
:102AC000F3D0032AF3D010BD30B50468256825F48F
:102AD00080252560046863608368402B036803D009
:102AE00099600068C26030BD9A600068C16030BD06
:102AF000704772B6FEE70000002229B101291AD002
:102B000002291BD04FF440720E490B6823F4407326
:102B10000B600B6813430B600A6822F078020A60AE
:102B20000A68022303EBC00002430A60086840F40D
:102B30008030086070474FF48072E5E74FF4007210
:102B4000E2E70000103C02401348016889050FD5F8
:102B5000016821F400710160016841F400610160C5
:102B6000016821F400610160016841F400710160B5
:102B7000016849050FD5016821F480610160016891
:102B800041F480510160016821F4805101600168C5
:102B900041F4806101607047003C024008490A68C6
:102BA00022F440720A600A6842F004020A600A686D
:102BB0004FF4803343EA002002430A60704700006C
:102BC000103C0240064A136823F4407313601368F4
:102BD0001360136843F00103136001707047000035
:102BE000103C0240094910B50C6824F440740C6094
:102BF0000C6844F440740C600C6844F001040C60F0
:102C00000260BFF36F8F436010BD0000103C0240B4
:102C1000074A136823F440731360136843F4807306
:102C20001360136843F001031360018070470000D4
:102C3000103C0240074A136823F440731360136882
:102C400043F400731360136843F0010313600160E1
:102C500070470000103C024017490868C206174838
:102C600005D5C26942F01002C26110220A600A68EA
:102C7000920605D5C26942F00802C26120220A60AC
:102C80000A68520605D5C26942F00402C2614022B8
:102C90000A600A68120605D5C26942F00202C261E2
:102CA00080220A600A68920705D5C26942F02002B4
:102CB000C2610220086070470C3C0240780000208E
:102CC00070B5114904460020C86100F0B2FD064607
:102CD0000E4D09E0601C07D024B100F0AAFD801B56
:102CE000A04201D9032070BD2868C003F2D428682F
:102CF000C00701D001202860286810F0F200F2D04F
:102D0000FFF7AAFF012070BD780000200C3C0240B4
:102D100001480078704700005800002001484068D2
:102D2000704700005800002078B50024009490F807
:102D30003C20012A19D0012280F83C200A68072390
:102D40000568092A13D9EE680A3A02EB4202934059
:102D50009E43EE600B788A680A3B03EB43039A407C
:102D60000368DD682A43DA6010E0022078BD2E692E
:102D700002EB420293409E432E610B788A6803EB7C
:102D800043039A4003681D692A431A614A681F2356
:102D9000072A13D205686E6B521E02EB8202934023
:102DA0009E436E630B790A885B1E92B203EB83032A
:102DB0009A4003685D6B2A435A6327E005680D2A31
:102DC00012D22E6BD21F02EB820293409E432E63DF
:102DD0000B790A88DB1F92B203EB83039A400368E6
:102DE0001D6B2A431A6311E0EE6A0D3A02EB820270
:102DF00093409E43EE620B790A880D3B92B203EB3F
:102E000083039A400368DD6A2A43DA62164B056839
:102E1000144A9D4206D10D68122D03D1556845F420
:102E20008005556005689D4218D10B68102B01D0B4
:102E3000112B13D1536843F4000353600968102920
:102E40000CD10A490A4A0968B1FBF2F101EB810190
:102E5000490000E0491E00910029FBD180F83C4068
:102E6000002078BD00230140002001409800002090
:102E700040420F000068C06C704770B504004FF00E
:102E8000000503D0206C002610B107E0012070BDC2
:102E9000204600F01DF8666484F83C60206CC00693
:102EA00010D4206C20F4885040F0020020642046AA
:102EB000FFF710F96664206C20F0020040F001007A
:102EC000206400E0012584F83C60284670BD0000C5
:102ED00010B586B0044614216846FDF79AFD1149E5
:102EE000206888421CD110480021026842F4807298
:102EF0000260006800F4807005900B481438026886
:102F000042F004020260006800F004000590052011
:102F100000900320CDE901016946044800F08CFBD4
:102F200006B010BD002001404438024000080240B5
:102F30002DE9F041044600680D4681684FF0000716
:102F400049050BD58068C00508D5206C40F02000ED
:102F5000206484F83C700120BDE8F08100F069FC39
:102F6000064613E0681C11D025B100F062FC801BFE
:102F7000A8420BD920680068800707D4206C40F075
:102F80000400206484F83C700320E5E720680068B2
:102F90008007E7D521686FF012000860206C40F4CC
:102FA000007020642068816811F0405F13D1217E99
:102FB00089B9C16A11F4700F02D0806840050AD443
:102FC000206C20F480702064206CC00403D4206C3A
:102FD00040F0010020640020BEE7000018B5002189
:102FE000009190F83C20012A07D0012280F83C2073
:102FF00002689368DB0702D011E0022018BD9368D5
:1030000043F0010393602E4A2E4B1268B2FBF3F299
:1030100002EB420200E0521E0092002AFBD102683D
:103020009368DB0742D0036C40F20164A34343F48E
:103030008073036453685B0505D5036C23F4005368
:1030400043F480530364036CDB0404D5436C23F026
:103050000603436400E0416480F83C101A496FF0B5
:103060002203136049680068CA06184906D08842DE
:1030700024D1816811F0405F13D01FE08842F8D05E
:10308000134A904203D1D1F80423D206F1D0114A59
:10309000904213D1D1F8041301F01F011029E8D395
:1030A0000CE0816841F08041816007E0016C41F0F3
:1030B00010010164416C41F001014164002018BD20
:1030C0009800002040420F000023014000200140F2
:1030D000002101400022014090F83C1001290CD051
:1030E000012180F83C1001688A6822F001028A60A0
:1030F00001688968C90702D007E002207047016CA7
:1031000021F4885141F001010164002180F83C1054
:10311000084670472DE9F0410446876D00F089FBB1
:10312000064694F835000025022806D08020606508
:1031300084F834500120BDE8F0812068016821F056
:10314000160101602068416921F080014161206C15
:1031500008B9A06C20B12068016821F00801016065
:103160002068016821F0010101600CE000F061FBC2
:10317000801B052807D920206065032084F83500CE
:1031800084F83450D7E720680068C007EED194F87F
:103190005C103F208840B860012084F8350084F836
:1031A00034500020C7E790F83510022903D0802161
:1031B000416501207047052180F8351000680168DD
:1031C00021F0010101600020704700002DE9F84363
:1031D00004464FF00009CDF8009063484FF41651B3
:1031E000A56D0068B0FBF1F72E6894F85C1008201C
:1031F00000FA01F131420FD021680A6852070BD55D
:103200000A6822F004020A6094F85C108840A86002
:10321000606D40F00100606594F85C104FF00108AB
:1032200008FA01F0304208D021684969090604D53E
:10323000A860606D40F00200606594F85C100420A6
:103240008840304208D021680968890704D5A86001
:10325000606D40F00400606594F85C1010208840B8
:10326000304218D021680968090714D5A860206881
:103270000168490304D50068000308D5A16C07E084
:103280000168C90503D4016821F008010160216CBF
:1032900009B12046884794F85C10202088403042CD
:1032A00031D021680968C9062DD5A86094F8350089
:1032B00005282068016806D0490347D50068000347
:1032C0001DD4616C1CE021F0160101602068416989
:1032D00021F080014161206C08B9A06C20B1206808
:1032E000016821F00801016094F85C103F208840DB
:1032F000A86084F8358084F83490216D1FE0E16B7C
:1033000009B120468847606D00282BD0606DC0074A
:1033100014D0052084F835002068016821F00101EF
:1033200001600098401C0090B84203D820680068F3
:10333000C007F6D184F8358084F83490E16C002918
:1033400010D001B02046BDE8F04308470168C90528
:10335000D5D4016821F01001016084F8358084F82B
:103360003490CCE7BDE8F883980000202DE9F041C7
:10337000044600F05EFA06465CB1022084F835008F
:10338000002584F834502068016821F001010160B3
:103390000DE00120BDE8F08100F04BFA801B05280C
:1033A00005D920206065032084F83500F2E7206805
:1033B0000068C007F0D12268116820480140D4E9B4
:1033C00001031843D4E903363343184363691843B0
:1033D000A3691843E3691843236A18430843616AE1
:1033E000042903D1D4E90B13194308431060206862
:1033F0004069666A20F0070130460E430127042821
:103400000CD1A06A0643E06A40B12046FFF732FBC8
:1034100020B14020606584F83570BAE720684661C5
:103420002046FFF713FB94F85C203F219140816018
:10343000656584F835700020ACE700003F8010F02F
:103440002DE9F0410446866D90F8340000250128EE
:103450000DD0012084F8340094F835700020012F3D
:1034600007D084F8340002252846BDE8F081022008
:10347000FBE7022784F8357060652046FFF724FBE0
:1034800094F85C103F208840B0602068016841F0EB
:1034900016010160206C20B12068016841F008012C
:1034A00001602068016841F001010160DCE7000073
:1034B00070B5044604F0F2FC022809DB04F0FEFCBF
:1034C0004FEA000504F0FAFC401BA042FAD370BD9D
:1034D000002040F271214C4300E0401CB0EB041F7F
:1034E000FBD370BD2DE9F047044622480F46017E0C
:1034F00001290AD00121804601764CF25039484614
:10350000FFF7DEFB020003D02FE00220BDE8F087CA
:103510004FF0FF3038602068174D012801D0A668B1
:103520001CE0207C6168FFF739FB4846FFF7C8FBC9
:103530000246286820F00400286014E0217C304610
:10354000FFF7DAFA4846FFF7BBFB0200286820F0D5
:103550007A00286001D03E6005E0761CD4E90210B4
:103560000844B042EAD8FFF7EFFA002188F81810B3
:103570001046CBE778000020103C02400348016869
:1035800041F000410160002070470000103C024003
:103590002DE9F0471B4E05461446307E1F468946EE
:1035A000012808D0012030764CF250384046FFF711
:1035B00087FB18B114E00220BDE8F0879DB1012D12
:1035C00016D0022D19D022463B464846FFF70AFB8B
:1035D0004046FFF775FB0C490A6822F001020A60B9
:1035E00000213176E8E7E1B24846FFF7EBFAEFE772
:1035F000A1B24846FFF70CFBEAE721464846FFF731
:1036000019FBE5E778000020103C02400749002044
:103610000A68002A09DA054A054B0C3A1360054B83
:1036200013600968002900DA01207047103C02404D
:1036300023016745AB89EFCD2DE9F84FDFF8BCA139
:103640000022012503264FF00F090AF1040BAAF10D
:10365000040E00BF0B6805FA02F42340A34270D1A8
:103660000F7907F00307012F01D0022F16D18768C9
:103670004FEA420806FA08FC27EA0C07D1F80CC00A
:103680000CFA08FC4CEA070CC0F808C04768A743CE
:103690000C79C4F3001494403C4344600C79E44337
:1036A000A4070AD0C4684FEA420C06FA0CF7BC43E0
:1036B0008F6807FA0CF72743C7600C7904F00304FE
:1036C000022C12D1D40800EB840CDCF82040570700
:1036D000FF0E09FA07F824EA0804D1F8108008FA66
:1036E00007F848EA0408CCF8208004684FEA420C46
:1036F00006FA0CF7BC430F7907F0030707FA0CF73B
:10370000274307604C6814F4403F70D03C4C276856
:1037100047F480472760246822F0030704F48044BC
:103720000094384C07EB040CDCF8084897074FEA84
:10373000177809FA08F7BC43334FB84202D1002783
:1037400024E054E0314FB84201D101271EE0304F50
:10375000B84201D1022719E02E4FB84201D1032708
:1037600014E02D4FB84201D104270FE02B4FB8428F
:1037700001D105270AE02A4FB84201D1062705E00A
:10378000284FB84201D1072700E0082707FA08F7B9
:103790002743CCF80878DAF800405746D1F804C03F
:1037A0009C435FEACC2C00D51C433C60DBF8004016
:1037B0005F46D1F804C09C435FEA8C2C00D51C43C3
:1037C0003C60DEF800407746D1F804C09C435FEAD5
:1037D0008C3C00D51C433C60084F083F3C68D1F846
:1037E00004C09C435FEACC3C00D51C433C60521CA7
:1037F000102AFFF42FAFBDE8F88F0000083C01400D
:103800004438024000300140000002400004024001
:1038100000080240000C0240001002400014024068
:1038200000180240001C02400AB18161704709047F
:10383000FBE710B504F032FB022803DBBDE81040C3
:1038400004F03CBB002010BD70B5040025D094F8F6
:103850003D00002520B984F83C50204600F052FA83
:10386000242084F83D002068016821F001010160F6
:103870002068016841F4004101602068016821F47A
:103880000041016000F080FB4D4A6168914201D81F
:103890004C4900E04C49884201D2012070BD4B499F
:1038A0002368B0FBF1F15E6826F03F060E435E60D0
:1038B0006368934206D94FF4967359434FF47A7371
:1038C000B1FBF3F12368491C1E6A26F03F06314321
:1038D00019626168914210D84900401EB0FBF1F2B4
:1038E000521CC2F30B02042A01D2042022E0B0FBD6
:1038F000F1F0401CC0F30B001CE0A268F2B301EB36
:10390000C10303EB0116431EB3FBF6F35B1C43F448
:1039100080431B0549D092B301EBC10202EB0111B8
:10392000401EB0FBF1F0401CC0F30B0040F480409F
:1039300040F400402168CA694CF6FF739A43104373
:10394000C861D4E9071001432068026822F0C00270
:1039500011430160D4E9030101432068826848F201
:10396000FF339A4311438160D4E90501084321687C
:10397000CA6822F0FF021043C86001E00EE016E0C2
:103980002068016841F0010101602564202084F86D
:103990003D00256384F83E50002070BD01EB4106D8
:1039A000431EB3FBF6F35B1CB3E70120C2E701EB58
:1039B0004101401EB0FBF1F0401CC0F30B00B7E723
:1039C000A086010080841E0000093D0040420F00D7
:1039D0002DE9FF4F83B09A46DDE9118793460446EF
:1039E000DDF84090FFF725FF054694F83D002028BC
:1039F00070D11923012274492046009501F0E8FA9C
:103A00000028F5D194F83C00012863D0012084F807
:103A10003C0020680168C90703D1016841F0010139
:103A200001602068016821F400610160222084F8AF
:103A30003D00402084F83E0000262664C4F824900F
:103A4000A4F82A80608D20856048E062CDE9007589
:103A500053465A462046049901F0BCF9002879D112
:103A6000208DD0B1012821D00228206824D04169BE
:103A700080690090208D032866D801282BD05449F6
:103A800002283B464FF00002009557D0884620465A
:103A900001F09EFA00285DD13AE020684169816911
:103AA0000091016841F4007101607DE020680168C7
:103AB00021F480610160F0E7016821F48061016018
:103AC0002068016841F400610160206841698069F3
:103AD000009069E075E02A463946204601F01EFB59
:103AE00088BB54E02068016841F4007101602068DF
:103AF0000069616A0870606A401C6062218D491E1D
:103B00002185618D491E618521680969017042E046
:103B10002068016821F48061016020680069616AA1
:103B20000870606A401C6062208D401E2085608D98
:103B3000401E60853B46002241460095204601F02C
:103B400047FA00B9CEE705E02A463946204601F09B
:103B5000E5FA18B1012007B0BDE8F08F20680069D0
:103B6000616A0870606A401C6062208D401E81B2EC
:103B70002185608D401E608520684269D2435207CE
:103B800012D4032903D1016821F480610160206807
:103B90000069616A0870606A401C6062208D401E86
:103BA0002085608D401E6085208D00287FF462AFE7
:103BB000202084F83D0084F83E6084F83C600020BA
:103BC000C9E70220C7E70000020010000000FFFF65
:103BD000040001002DE9FF4F83B09A46DDE91197FB
:103BE00093460446DDF84080FFF723FE054694F82F
:103BF0003D0020287FD1192301224049204600950D
:103C000001F0E6F9002876D194F83C00012872D042
:103C1000012084F83C0020680168C90703D10168CD
:103C200041F0010101602068016821F40061016038
:103C3000212084F83D00402084F83E0000262664C0
:103C4000C4F82480A4F82A90608D20852C48E06276
:103C5000CDE9007553465A462046049901F038F9DB
:103C600070B930E02A463946204601F08FFA58B143
:103C7000206C042804D12068016841F400710160BF
:103C8000012007B0BDE8F08F606A21680078086104
:103C9000606A401C6062218D491E89B22185628D57
:103CA000521E628522685369DB435B070BD469B1FE
:103CB00000781061606A401C6062208D401E208583
:103CC000608D401E6085208D0028CBD12A46394664
:103CD000204601F051F90028CAD154F83D0B016883
:103CE00041F400710160202004F81E09E677667730
:103CF0000020C6E7FFE70220C3E700000200100033
:103D00000000FFFF10B586B0044614216846FCF79A
:103D100080FE13492068884220D1124800210268A1
:103D200042F002020260006800F0020005900D48B7
:103D30001030026842F400120260006800F40010C3
:103D40000590C02000901220CDE9010102200390CF
:103D50000420049069460448FFF76EFC06B010BDCD
:103D60000054004030380240000402400B4810B5B7
:103D7000016841F400710160016841F480610160F3
:103D8000016841F480710160032000F051F80F20B8
:103D900000F006F800F006F8002010BD003C0240DC
:103DA000002070470A4808B5016841F4804101606D
:103DB000006800F4804000900548001F016841F051
:103DC00080510160006800F08050009008BD000044
:103DD00044380240002809DB00F01F020121914015
:103DE0004009800000F1E020C0F800117047000099
:103DF000F0B40E4B1B680C46C3F30223C3F1070556
:103E0000042D00D90425191D072901D2002300E043
:103E1000DB1E012606FA05F1491E214099409E400D
:103E2000761E16403143F0BC03F04EBC0CED00E0B2
:103E3000064900F0070208684FF6FF03184040EA01
:103E40000220034A10430860704700000CED00E0B8
:103E50000000FA052DE9F0470E46050065D0DFF8B1
:103E60001481D8F80000F7B200F00700B04207D282
:103E700088F80070D8F8000000F00700B04254D174
:103E800028683D4C810712D5400703D5206840F4CF
:103E9000E05020602878000703D5206840F4604097
:103EA00020602068A96820F0F0000843206028788E
:103EB000C0072DD0304968680839012812D002287F
:103EC00013D0032811D00968890700292DDA216849
:103ED00021F0030101432160FFF7ABFC814641F271
:103EE000883A0EE009688903EFE709688901ECE781
:103EF000FFF79FFCA0EB0901514502D90320BDE863
:103F0000F0872068696800F00C00B0EB810FEFD1FA
:103F1000D8F80010404601F00701B14207D90770F8
:103F2000006800F00700B04201D00120E7E72878E0
:103F3000400705D52068E96820F4E0500843206078
:103F40002878000706D52068296920F4604040EAF7
:103F5000C100206000F038F82168084AC1F303115D
:103F6000515CC8400649086006480068FFF718FF22
:103F70000020C4E7003C024008380240C4A9000801
:103F80009800002070000020044805490068096876
:103F9000044AC1F38221515CC84070479800002058
:103FA00008380240D4A90008044805490068096897
:103FB000044AC1F34231515CC84070479800002068
:103FC00008380240D4A90008154810B5006810F060
:103FD0000C02144813D04110042A0FD0082A0ED125
:103FE0000F4C241F2268236802F03F025B0207D5B2
:103FF0002068C0F38810A0FB010106E0084610BD50
:104000002168C1F38811A1FB00010023FCF7CEF960
:104010002168C1F30141491C4900B0FBF1F010BD1A
:10402000083802400024F4002DE9F84F04006ED057
:104030002078DFF84C93C007A9F104054AD009F1B4
:1040400004000168C1F38101012908D00068C0F3B0
:10405000810002280AD1D9F80000400206D528685C
:10406000800337D560680028E1D033E06068B0F5A0
:10407000803F10D0B0F5A02F286810D020F48030F9
:104080002860286820F4802028606068A8B1FFF7C5
:10409000D0FB06460DE0286840F48030F4E740F499
:1040A00080202860F7E700BFFFF7C3FB801B642870
:1040B00073D828688003F7D50CE0FFF7BAFB0646F3
:1040C00005E000BFFFF7B5FB801B6428F0D8286827
:1040D0008003F7D42078DFF8AC8280074FF0000A25
:1040E0003ED5A748001D016811F00C0F08D00068EC
:1040F000C0F3810002280BD1D9F80000400207D498
:104100002868800716D5E068012800D112E033E165
:10411000E068B8B10120C8F80000FFF78AFB064646
:1041200005E000BFFFF785FB801B0228C0D8286888
:104130008007F7D52868216920F0F80040EAC1001F
:1041400028600DE0C8F800A0FFF773FB064604E006
:10415000FFF76FFB801B02281FD828688007F7D461
:104160002078000722D5864F87486169703771B182
:1041700001210160FFF75DFB064604E0FFF759FBF4
:10418000801B022809D838688007F7D50EE0C0F8F0
:1041900000A0FFF74EFB064605E082E0FFF749FB73
:1041A000801B02287DD838688007F7D42078400724
:1041B00068D5DFF8CCB100270BF13C0BDBF8000031
:1041C000C0000BD4DBF8001041F08051CBF8001098
:1041D000DBF80000012700F0805000906B4E306843
:1041E000C00510D4306840F480703060FFF721FBC8
:1041F000009005E0FFF71DFB0099401A022850D8F7
:104200003068C005F6D55E4EA0686C3601280FD028
:104210000528306810D020F001003060306820F0B0
:1042200004003060A068B8B1FFF703FB00900FE016
:10423000306840F00100F4E740F004003060F7E738
:10424000FFF7F7FA0099411A41F28830814266D8A7
:1042500030688007F4D50EE0FFF7EBFA009007E036
:10426000FFF7E7FA0099411A41F28830814256D8A7
:1042700030688007F4D42FB1DBF8001021F08051B2
:10428000CBF80010A069C8B33D49091D0968C1F306
:10429000810102294AD00228504607D0C8F86000A0
:1042A00000E03CE0FFF7C5FA04463BE04746C8F8AB
:1042B0006000FFF7BEFA064605E000BFFFF7B9FA57
:1042C000801B02282BD828688001F7D4D4E9070185
:1042D0000843A16A2E4A490802EB0141626A41EA99
:1042E0008211084394F82C1040EA0161C9F80010CB
:1042F00001203866FFF79DFA044606E03EE000BF65
:10430000FFF797FA001B022809D828688001F7D523
:1043100034E000BFFFF78DFA001B022802D903200A
:10432000BDE8F88F28688001F4D427E00128F7D091
:10433000D9F80000E26900F4800191421CD1226AA0
:1043400000F03F01914217D147F6C071626A014007
:10435000B1EB821F10D1A26A4FF0FF3300F440315D
:1043600003EB5202B1EB024F06D194F82C1000F08F
:104370007060B0EB016F01D00120D1E70020CFE7E2
:104380000438024000004742800E4742007000405F
:104390000000FFFF70B590F83C20012A32D00124C4
:1043A00080F83C40022280F83D2003685A689D68EE
:1043B00022F070060A6832435A60134B02689A4230
:1043C00014D0B2F1804F11D0104B9A420ED0104B46
:1043D0009A420BD00F4B9A4208D00F4B9A4205D00D
:1043E0000E4B9A4202D00E4B9A4204D1496825F0F6
:1043F00080031943916080F83D40002180F83C1013
:10440000084670BD022070BD00000140000400405D
:1044100000080040000C0040000401400040014042
:1044200000180040704770B5044690F83C00002624
:104430000D4601280FD0012084F83C006AB1042AFF
:104440001DD0082A2FD00C2A3FD00126002084F846
:104450003C00304670BD022070BD206802F066FD51
:104460002068816941F0080181612068816921F03B
:1044700004018161206881692A69114311E0206883
:1044800002F084FD2068816941F400618161206847
:10449000816921F480618161206881692A6941EA2A
:1044A00002218161D2E7206802F0A6FD2068C1697F
:1044B00041F00801C1612068C16921F00401C161B6
:1044C0002068C1692A69114311E0206802F0C8FD23
:1044D0002068C16941F40061C1612068C16921F4AB
:1044E0008061C1612068C1692A6941EA0221C16114
:1044F000ACE710B5040003D094F83D0010B107E01C
:10450000012010BD002084F83C00204600F01EF879
:10451000022084F83D00211D206802F091FC01205A
:1045200084F8460084F83E0084F83F0084F8400098
:1045300084F8410084F8420084F8430084F8440081
:1045400084F8450084F83D00002010BD10B586B009
:10455000044614216846FCF75CFA2068B0F1804FED
:1045600020D111480021026842F001020260006877
:1045700000F0010005900C481038026842F0020279
:104580000260006800F0020005904FF44060009067
:104590000220CDE9010103900120049069460348FF
:1045A000FFF74AF806B010BD403802400004024050
:1045B00010B50446022249B104290ED0082913D0AF
:1045C00094F84100012816D0012010BD94F83E0057
:1045D0000128F9D184F83E200FE094F83F0001282B
:1045E000F2D184F83F2008E094F840000128EBD194
:1045F00084F8402001E084F841200122206802F084
:1046000087FC16492068164A884201D0904203D19F
:10461000436C43F4004343642068884213D0B0F1F4
:10462000804F10D00F4988420DD00F4988420AD0E0
:104630000E49884207D0904205D00D49884202D0E9
:104640000C49884204D1816801F00701062903D092
:10465000016841F001010160002010BD000001402F
:10466000000401400004004000080040000C00402D
:10467000004001400018004038B5044690F8420060
:10468000202801D0022038BD51B14AB10120206359
:1046900000206063204602F0B5FE216B012901D0A5
:1046A000012038BD21680A684968009121680C31F1
:1046B00051E8002F42F0100241E80023002BF5D111
:1046C00038BD000070B50D460B49884212D1002458
:1046D00001F5847604E0305D01F050F8641CA4B26A
:1046E000AC42F8D3BDE870404FF48C7203490248E5
:1046F000FFF7C2BF70BD00007805002080060020D3
:1047000070470000F8B5016804460868CA684B693C
:1047100010F00F0F4FF0000559D003F0010602F41E
:104720009077374365D0C10705D0D10503D5616CBB
:1047300041F001016164410705D5D90703D0616CDF
:1047400041F002016164810705D5D90703D0616C8E
:1047500041F004016164010707D502F020013143F3
:1047600003D0616C41F008016164616C00293AD0AA
:10477000800604D5900602D5204602F05CFD206834
:104780004069616CC0F38010090700D460B3204613
:1047900002F01CFD20684069400621D520681430D5
:1047A00050E8001F21F0400140E80012002AF5D136
:1047B000E06BA8B172490165E06BFEF7F4FC0028DC
:1047C00011D0E06B016D01B0BDE8F04008478306F1
:1047D0000FD593060DD52046BDE8F84002F02BBD5D
:1047E0002046FFF78DFFF8BD2046FFF789FF65647F
:1047F000F8BD266B2023012E7ED1C6067CD5D606B9
:104800007AD508684868009048694FF0020640066B
:104810004DD5E26B106840684FF480770004000CBF
:104820003AD0A18D814237D9E085D069B8422DD0E8
:1048300020680C3050E8001F21F4807140E800121D
:10484000002AF5D12068143050E8001F21F0010142
:1048500040E80012002AF5D12068143050E8001F0B
:1048600021F0400140E80012002AF5D184F84230DE
:10487000256320680C3050E8001F21F0100140E84B
:104880000012002AF5D1E06BFEF744FC6663A08DB0
:10489000E18D401A81B206E0A18D8142A8D1D06994
:1048A000B842A5D166632046FFF70CFFF8BDA08D86
:1048B000E18D401A81B2E08D0028F7D00029F5D0B3
:1048C00020680C3050E8002F22F4907240E8002756
:1048D000002FF5D12068143050E8002F22F001029B
:1048E00040E80027002FF5D184F842302563206886
:1048F0000C3050E8002F00E006E022F0100240E803
:104900000023002BF3D1CDE705062BD5150629D5BD
:1049100094F841002128C9D1A068B0F5805F01D189
:104920002069B0B1206A411C21622168007848608A
:10493000E08C401E0004000CE084B7D12068C16800
:1049400021F08001C1602068C16841F04001C16070
:10495000F8BD206A0088C0F308004860206A801C07
:104960002062E5E74006F3D55006F1D5CA68204637
:1049700022F04002CA6084F8413000F089F9F8BDA5
:10498000D170000870B5040004D094F841000025EF
:1049900010B106E0012070BD84F84050204600F0C0
:1049A00023F8242084F841002068C16821F40051D4
:1049B000C160204602F0A0FC2068016921F490410A
:1049C00001612068416921F02A0141612068C168C4
:1049D00041F40051C1606564202084F8410084F8EE
:1049E00042006563002070BD2DE9F04387B00646A4
:1049F00014216846FCF70DF84A4A31684A480225F6
:104A00000727DFF8288100244FF48069914228D1DC
:104A1000454914310A6842F010020A60096801F041
:104A200010010591016841F001010160006802AACE
:104A300000F0010005902802CDE9000582E8B000F1
:104A400069464046FEF7F8FDCDF80090CDE90154E7
:104A5000CDE9035769464046FEF7EEFD07B0BDE8D5
:104A6000F083334A9142F9D12F4910310A6842F458
:104A700000320A60096801F400310591016841F0D3
:104A800001010160006802AA00F001000590042005
:104A9000CDE9000582E8B00069464046FEF7CCFD4E
:104AA0000820CDE9000502AA694682E8B000404628
:104AB000FEF7C2FD204D1F484FF000682860C5E991
:104AC0000184C5E903496C61AC61EC612C624F461D
:104AD00028466C62FEF74AFC08B1FEF70AF8F56357
:104AE000AE63154D134860351830E5E802084020E4
:104AF00091C5114845F814496030AC61EC612C62F5
:104B00006C62FEF733FC08B1FDF7F3FFB5630022DA
:104B100005212620AE63FFF76BF92620FFF75AF92F
:104B20009CE70000001001403038024000000240C5
:104B30000044004088600240C00500202DE9F84F85
:104B4000044690F842009A4616460D46202802D0A8
:104B50000220BDE8F88FB5B1AEB10020606422211B
:104B600084F842102063FEF764FEA6858146E68540
:104B7000A0684FF480582027404501D1206920B11A
:104B80002E46002529E00120E3E7002625E04B46DC
:104B9000002220212046CDF800A002F083FC18B1AD
:104BA00084F842700320D4E726B1A06840451AD0AB
:104BB00038B108E020684068C0F3080025F8020B0F
:104BC00008E0206978B12068406800F07F0000BFED
:104BD00006F8010BE08D401EE085E08D0028D6D15F
:104BE00084F84270B5E720684068F1E77047704785
:104BF0002DE9F843044690F84100984616460D46C4
:104C0000202802D00220BDE8F88385B17EB10020C3
:104C10006064212084F84100FEF70BFEA6848146E3
:104C2000E684A0682027B0F5805F02D003E0012071
:104C3000E9E7206910B12E4600250EE000260CE0C1
:104C40008021204602F02EFCA8B9C6B116F8010B4F
:104C500021684860E08C401EE084E08C4B464FF0B9
:104C60000002CDF800800028EAD14FF04001204634
:104C700002F018FC40B184F841700320C3E735F816
:104C8000020BC0F30800E3E784F841700020BAE7A4
:104C90007047000010B590B040F2DC5003F07EF891
:104CA0002EA220216846FBF737FCC2B26423694676
:104CB0002C48FFF79DFF642003F070F84FF4FA745E
:104CC0002346042208A92748FFF738FF28B9022203
:104CD00025A108A8FBF7B1FD10B1002010B010BD50
:104CE00022A220216846FBF717FCC2B26423694662
:104CF0001C48FFF77DFF642003F050F82346042290
:104D000008A91848FFF71AFF1DA220216846FBF7E3
:104D100003FCC2B2642369461248FFF769FF6420AE
:104D200003F03CF82346042208A90E48FFF706FFCB
:104D300019A220216846FBF7EFFBC2B26423694643
:104D40000848FFF755FF642003F028F823460422A3
:104D500008A90448FFF7F2FE0120BFE741540D0AFD
:104D600000000000780500204F4B000041542B4EFE
:104D7000414D453D53544D33322D454E520D0A00A1
:104D800041542B554152543D3131353230302C3065
:104D90002C300D0A0000000041542B4D4F44453D7E
:104DA000320D0A00FEE701684A69D24352050FD46A
:104DB0006FF480624A61002140F8301F2022427364
:104DC0008173026942F0040202610173012070479D
:104DD000002070472DE9F84F0446006889460B9D76
:104DE00001689846174641F48061016020680168B7
:104DF00041F48071016000954FF0011B002259467B
:104E000020460A9B00F0E4F84FF4007A40B1206895
:104E10000068C00501D5C4F840A00320BDE8F88FA4
:104E2000216809F0FE0008612B46284920460A9AAD
:104E300000F016F9F0BB20684169806900902A46AD
:104E400020460A9900F0A2F940B1206C04283AD11A
:104E50002068016841F40071016034E0FEB2B8F1ED
:104E6000010F09D02168380A08612A4620460A99AC
:104E700000F08CF90028E8D1206806612A46204617
:104E80000A9900F083F90028DFD12068016841F415
:104E90008071016000950022594620460A9B00F06F
:104EA00097F80028B3D1216809F0FF0040F0010015
:104EB000086100E007E02B46044920460A9A00F00A
:104EC000CFF80028AAD00120A8E7000002000100C6
:104ED0002DE9F843044600680D46DDE908970168AE
:104EE0009846164641F4807101604B4600224FF00F
:104EF00001112046009700F06BF848B12068006867
:104F0000C00502D54FF4007020640320BDE8F8838B
:104F1000216805F0FE0008613B464A4615492046D7
:104F200000F09EF888B920684169806900903A468F
:104F30004946204600F02AF948B1206C042804D1E3
:104F40002068016841F4007101600120DEE7F5B2DC
:104F5000B8F1010F09D02168300A08613A46494684
:104F6000204600F013F90028E7D1206805610020F1
:104F7000CCE700000200010070B516460D4604465D
:104F80001EE02046FFF70FFF08B1012070BD681C2E
:104F900016D0FEF74EFC801BA84200D885B92068C9
:104FA0004069C04340070BD5002044F8300F202152
:104FB0006173A073216941F0200121612073E4E74E
:104FC00020684069C0434007DBD4002070BD00006A
:104FD0002DE9F047984617460D460446C1F30746AB
:104FE000DDF820902AE000BFB8F1FF3F26D0FEF7A1
:104FF00020FCA0EB0901414502D8B8F1000F1DD1FA
:105000002068012E16D0806925EA00000004000CFB
:1050100012D00020B84211D1002044F8300F2021D6
:105020006173A073216941F0200121612073012087
:10503000BDE8F0874069E7E70120EBE72068012E33
:105040000AD0806925EA00000004000C06D0002088
:10505000B842C9D00020EBE74069F3E70120F7E749
:105060002DE9F047984616460D4604464FF00009D4
:105070004FF0200AC1F3074723E020684069C0438E
:10508000400515D42068016841F400710160216871
:105090006FF480604861C4F8309084F83DA084F8D3
:1050A0003E90216C41F00401216484F83C9021E0A1
:1050B000701C06D0FEF7BDFBA0EB0800B04203D881
:1050C00016B1012F1FD021E02068012F15D0806973
:1050D00025EA00000004000C18D000BF44F8309FFF
:1050E00084F80DA084F80E90216941F0200121611F
:1050F00084F80C900120BDE8F087406925EA0000A3
:105100000004000CEAD12068406901E02068806951
:1051100025EA00000004000CAFD1ECE72DE9F041D6
:10512000002590460E460446202728E04069C043EB
:10513000C0060CD454F8301B6FF01000486144F8DE
:1051400010596777A577206A2062257714E0FEF76B
:1051500070FBA0EB0800B04200D886B92068406917
:10516000C04340060BD544F8305F6773A5732069D0
:1051700040F02000206125730120BDE8F081206807
:105180004169C9434906D1D40020F6E770B51646F7
:105190000D4604461EE02046FFF705FE08B101203B
:1051A00070BD681C16D0FEF744FB801BA84200D8D7
:1051B00085B920684069C04300060BD5002044F83B
:1051C000300F20216173A073216941F0200121611A
:1051D0002073E4E720684069C0430006DBD4002068
:1051E00070BD00002DE9F04104460021F0234FF48A
:1051F000A072084600F0D2F9104E4FEA1428E5B22A
:10520000002280213046FEF70FFB0122102130469C
:10521000FEF70AFB00244FF49637404601F03AF8B7
:10522000284601F037F8641CBC42F6D33046BDE88E
:10523000F04101228021FEF7F7BA0000000C024085
:105240002DE9F04F8DB0203ADDE916571C465F2A54
:1052500003D300200DB0BDE8F08FD6B2FA003B01B9
:10526000019200F09BF9200A0690E0B20590280A0E
:105270000490E8B2254C0390002280212046FEF7DE
:10528000D3FA012210212046FEF7CEFA20484FF033
:10529000000800EB0610029010F80890002622E0AB
:1052A00000248020E04000EA0900002801D0069890
:1052B00000E00498834601D0059800E003984FF081
:1052C0000005824607E0584600F0E4FF504600F033
:1052D000E1FF6D1CEDB2BD42F5D3641CE4B2082CB5
:1052E000DFD3761CF6B2BE42DAD308F1010000F03B
:1052F000FF08B8F1100F01D20298CDE701228021FA
:105300000248FEF791FA0198A4E70000000C024061
:1053100064A200082DE9FC5F0446984616460D4637
:10532000A24201D9301B00E0A01B0FFA80F9A8456A
:1053300002D9A8EB050001E0A5EB08000FFA80FAFE
:105340004FF0FF30A64201D3012100E00146019158
:10535000A84500D301200090A9EB0A0007B2294616
:1053600020460C9A00F0FAF8CAF1000B16E078001B
:1053700000B2584505DDA7EB0A010FB2019921449F
:105380008CB2484505DA07EB090007B200982844BB
:1053900085B2294620460C9A00F0E0F8B442E6D1E6
:1053A0004545E4D1BDE8FC9F10B588B000F018FF7A
:1053B000614C002220212046FEF736FA0A20FEF733
:1053C00077F8012220212046FEF72EFA7820FEF7FA
:1053D0006FF8CB2000F072F9392000F089F92C2009
:1053E00000F086F9002000F083F9342000F080F905
:1053F000022000F07DF9CF2000F060F9002000F0DD
:1054000077F9C12000F074F9302000F071F9E8203C
:1054100000F054F9852000F06BF9002000F068F9E5
:10542000782000F065F9EA2000F048F9002000F04B
:105430005FF9002000F05CF9ED2000F03FF96420F6
:1054400000F056F9032000F053F9122000F050F953
:10545000812000F04DF9F72000F030F9202000F015
:1054600047F9C02000F02AF9232000F041F9C120BB
:1054700000F024F9102000F03BF9C52000F01EF9DF
:105480003E2000F035F9282000F032F9C72000F066
:1054900015F9862000F02CF9362000F00FF948208D
:1054A00000F026F93A2000F009F9552000F020F923
:1054B000B12000F003F9002000F01AF9182000F0E4
:1054C00017F9B62000F0FAF8082000F011F9822050
:1054D00000F00EF9272000F00BF9F22000F0EEF8B2
:1054E000002000F005F9262000F0E8F8012000F087
:1054F000FFF8E02000F0E2F810A00FC88DE80F00E0
:105500000F21684600F00EF9E12000F0D7F80FA354
:1055100004AC0FCB84E80F000F2104A800F002F9BF
:10552000112000F0CBF87820FDF7C2FF292000F011
:10553000C5F808B010BD0000000C02400F312B0C64
:105540000E084EF1370710030E090000000E140379
:10555000110731C148080F0C31360F0070B51446E1
:1055600001231A4600F01AF80B4D0022802128462C
:10557000FEF75AF9012210212846FEF755F9200AB4
:1055800000F088FEE0B200F085FE2846BDE87040DD
:1055900001228021FEF748B9000C02402DE9F041BC
:1055A00005461044401E87B2C818401E86B20C46FD
:1055B0002A2000F083F8280A00F09AF8E8B200F0F8
:1055C00097F8380A00F094F8F8B200F091F82B2020
:1055D00000F074F8200A00F08BF8E0B200F088F8D0
:1055E000300A00F085F8F0B200F082F8BDE8F04132
:1055F0002C2000F063B800002DE9F04387B081460D
:10560000DDE90E561F461446884610EE100A04F0D7
:1056100001FDCDE90001234607A2142102A8FAF7F3
:105620007BFFCDE900563B4602AA4146484600F0C2
:1056300023F807B0BDE8F083252E2A66000000009D
:105640002DE9F04186B01E46DDE90C450F46804647
:10565000134608A2102102A8FAF75EFF334602AAF9
:1056600039464046CDE9004500F006F806B0BDE8F1
:10567000F0810000256C64002DE9FC479A46DDE9C5
:105680000A9615460F4604464FF4A07811E0CDE97E
:1056900000965346394620466D1CFFF7D1FD204445
:1056A00084B204EBC600404503D307EB0610002488
:1056B00087B22A78002AEAD1BDE8FC8770B50B4C86
:1056C0000546002280212046FEF7AEF80022102178
:1056D0002046FEF7A9F8284600F0DCFD2046BDE88C
:1056E000704001228021FEF79FB80000000C0240AC
:1056F00070B50B4C0546002280212046FEF794F839
:10570000012210212046FEF78FF8284600F0C2FD46
:105710002046BDE8704001228021FEF785B80000D8
:10572000000C02402DE9F0410D4E0D4607460022C7
:1057300080213046FEF778F8012210213046FEF72E
:1057400073F8002403E0385D00F0A4FD641CAC4253
:10575000F9D33046BDE8F04101228021FEF764B85C
:10576000000C0240034800210122C270024801607F
:1057700070470000980700206000002000B587B047
:1057800001466B46064A002002F0D2F8012805D1F6
:1057900004480168002901D00148884707B000BDCE
:1057A000B00D002060000020014908607047000033
:1057B0006000002010B5D0B0044600200B460190D8
:1057C0000290039004900121009006AA084602F07E
:1057D000F1F906A9044802F017FA024602492046E8
:1057E00003F064F950B010BD980C00202DE9F0438F
:1057F000CDB0814601270D4606A83E4602AC2021C9
:105800008046FBF706F9202229464046FBF760F860
:1058100004984CF2543161F31F2004902020B221EF
:10582000CDE90001034632463946204601F0F6FF35
:1058300002A9054802F0E8F902460349484603F088
:1058400035F94DB0BDE8F083980C0020F0B5CFB02D
:10585000074600204D908DF834018DF835018DF804
:105860003601042101264E904C908DF837113546B3
:1058700002AC09224CA906A8FBF76FF80498322164
:10588000C0B204900920CDE9000103462A46314602
:10589000204601F0C3FF02A9044802F0B5F9024610
:1058A0000249384603F002F94FB0F0BD980C0020D1
:1058B00070B5CCB001258DF80010CDF8012000990D
:1058C00006919DF804108DF81C1004994CF25C327E
:1058D00062F31F21049105218F22CDE900120446B5
:1058E0000B4602A82A46294601F098FF02A905485E
:1058F00002F08AF902460349204603F0D7F84CB07B
:1059000070BD0000980C0020F0B5D3B00746589C3D
:10591000002002B101200BB140F002000CB140F0B8
:1059200004004CAA012682EC050A354602AC5191CE
:105930008DF8480119224CA906A8FBF70EF8049827
:105940004CF2503161F31F2004901920BB21CDE9A6
:10595000000103462A463146204601F05FFF02A9B6
:10596000044802F051F902460249384603F09EF815
:1059700053B0F0BD980C002070B5D0B00DF5A87CE8
:1059800004469CE861000092CDE901300B46CDE968
:105990000356012106AA084602F00CF906A905489B
:1059A00002F032F902460349204603F07FF850B076
:1059B00070BD0000980C00202DE9F043CDB0814669
:1059C00001270D4606A83E4602AC20218046FBF783
:1059D00020F81F2229464046FBF742F804984CF273
:1059E000583161F31F20049020201D21CDE90001D2
:1059F000034632463946204601F010FF02A9054809
:105A000002F002F902460349484603F04FF84DB050
:105A1000BDE8F083980C00207FB500241448009462
:105A2000019402941149039401604FF48031C0E95C
:105A3000011401250461057680F82040C462C56127
:105A4000C46080F830404561FDF717FA08B1FDF7F2
:105A500050F80A20CDE90005694602940448FDF794
:105A600063F9002801D0FDF744F87FBD0020014014
:105A7000EC0300200D4808B5016841F400110160F5
:105A80000068002200F40010009005211020FEF7AD
:105A9000AFF91020FEF79EF9002205211120FEF734
:105AA000A7F9BDE808401120FEF794B9303802404C
:105AB00070B501F095FD40F2DC540123224649A166
:105AC000002001F0C3FD4FF4FA6500232A4647A1E8
:105AD000012001F0BBFD00232A4646A1022001F06F
:105AE000B5FD00232A4645A1032001F0AFFD0023A8
:105AF000224645A1042001F0A9FD0023224643A12E
:105B0000052001F0A3FD0123224642A1062001F059
:105B10009DFD00232A4640A1072001F097FD0123A7
:105B200042F210723DA1082001F090FD002002F029
:105B3000B6FA3C4C00222421E061052002F026FA4E
:105B4000606100220C210A2002F020FAA061364A8E
:105B50000021364802F0F8FA334A2062243200214C
:105B6000334802F0F1FA304A60624832002131488D
:105B700002F0EAFA2C4AA0626C3200212E4802F0B0
:105B8000E3FA294AE062903200212C4802F0DCFA64
:105B9000254A2063B4320021294802F0D5FA224A6E
:105BA0006063D8320021274802F0CEFA1E4AA06373
:105BB000FC320021244802F0C7FAE063234A0021A6
:105BC000234802F0C1FA2064002002F0F4F8A0603B
:105BD000002002F0F0F8E060002002F0ECF8206114
:105BE00070BD0000626D6532383000006C69676816
:105BF00074000000706D3235000000006469737439
:105C000072696275746F72006C636400756172749E
:105C100000000000636D640066616E006D6F6E6968
:105C2000746F72000000002008A1000831640008B1
:105C3000756B0008116C0008C16600080D6900084A
:105C4000916C0008F1640008ED67000828A20008C4
:105C5000F56B000870B586B014216846FAF7D9FED6
:105C600022480024016841F001010160016801F04F
:105C700001010591016841F002010160016801F034
:105C800002010591016841F004010160016801F021
:105C900004010591016841F008010160016801F00B
:105CA00008010591016841F0100101600068104E83
:105CB00000F010000590002203213046FDF7B4FDEE
:105CC000032000900125CDE9015469463046039434
:105CD000FDF7B2FC20200090CDE90154694605484B
:105CE0000394FDF7A9FC06B070BD000030380240F7
:105CF00000040240000002400D4810B50B4901604D
:105D00000C49416000214FF480428160C0E90312D8
:105D100041618161C1610162FDF796FD002803D0F8
:105D2000BDE81040FCF7E5BE10BD00000054004087
:105D300034040020A086010010B58AB00024079426
:105D40001C2168460894FAF764FE1A484FF0804117
:105D500001605321C0E9011440F2E731C0E90314A6
:105D60008461FEF7C6FB08B1FCF7C3FE079407A9E0
:105D700010480894FEF70EFB08B1FCF7BAFE60204D
:105D8000CDE900040294082269460A480494FEF70B
:105D90004AFB08B1FCF7ADFE0C2269460548FEF748
:105DA00042FB08B1FCF7A5FE0248FEF73BFB0AB038
:105DB00010BD0000880400200C4810B50A4901609D
:105DC0004FF4E1314160002181600C22C160C0E9E3
:105DD00004128161C161FEF7D5FD002803D0BDE842
:105DE0001040FCF786BE10BD0010014030050020B9
:105DF0000C4810B50A4901604FF4E13141600021BF
:105E000081600C22C160C0E904128161C161FEF7AA
:105E1000B9FD002803D0BDE81040FCF76ABE10BDF4
:105E20000044004078050020FEE7000070B5174CE4
:105E3000002201212046FDF7F7FC00220221204626
:105E4000FDF7F2FC124D002201212846FDF7ECFC83
:105E5000002202212846FDF7E7FC012220212046EE
:105E6000FDF7E2FC08210B48FEF7A2FB0C210948D4
:105E7000FEF79EFB084900200122086008714A7164
:105E80000831086008714A7170BD000000000240CE
:105E900000040240880400204400002070B5224E17
:105EA0000446707900283ED0204D642C01DD642426
:105EB00006E06FF06300844202DA0446306010E0CE
:105EC0003460002C0CDD4FF0010211462846FDF72E
:105ED000ABFC002202212846FDF7A6FC01201BE0B6
:105EE0000FDA4FF000024FF001012846FDF79CFC4D
:105EF000012202212846FDF797FC022030716442FE
:105F00000BE0002201212846FDF78EFC0022022131
:105F10002846FDF789FC00203071054904EB840018
:105F200040000968C86370BD4400002000000240C2
:105F30008804002070B5224E0446707900283ED0B7
:105F4000204D642C01DD642406E06FF06300844280
:105F500002DA0446306010E03460002C0CDD4FF0B3
:105F6000010211462846FDF75FFC00220221284667
:105F7000FDF75AFC01201BE00FDA4FF000024FF052
:105F800001012846FDF750FC012202212846FDF7B9
:105F90004BFC0220307164420BE0002201212846B4
:105FA000FDF742FC002202212846FDF73DFC0020BF
:105FB0003071054904EB840040000968086470BD35
:105FC0004C00002000040240880400200020FFF75D
:105FD00065BF0020FFF7AEBFF2EE000A002160EEC1
:105FE000200A80F8201080F82110C0ED090A00BFB7
:105FF00000EB8102491CC9B282ED000A0829F7D3DF
:10600000704790F82010D0ED090A00EB810191ED66
:10601000001A70EEC10AC0ED090A81ED000AD0ED48
:10602000090A70EE800AC0ED090A90F82010491C98
:1060300001F0070180F8201090F82110082902D201
:10604000491C80F82110C8B200EE100AB8EE401AC0
:1060500080EE810A7047FEE770B586B010B1B0F5EA
:10606000C02F02D9002006B070BD0F4C002666601C
:1060700001252560FDF7CAFA14220C496846FAF793
:106080006CFC05A968460596FDF72CFA0646FDF757
:1060900075FA16B90598401C02D003202060E1E78C
:1060A00025600120DFE7000064000020A8A90008A7
:1060B0002DE9F0411A4C2168012902D00020BDE8E9
:1060C000F081184D67684FF0FF310022164E0EE048
:1060D000AB5C4B4003F00F01521C56F8211081EAD3
:1060E000131101F00F0356F8233083EA1111BA425D
:1060F000EED3C943032681420CD1FDF787FA4FF056
:10610000A532002329460220FDF742FA0546FDF795
:1061100035FA0DB12660D1E7022020600120CEE7DC
:10612000640000200000080868A9000801484068D1
:1061300070470000640000200248002101604160B7
:1061400070470000640000202DE9F84F224F804680
:10615000154638688946012804D108EB0506B6F5CE
:10616000C02F02D90020BDE8F88F35B1FDF74EFAF7
:106170000024DFF868A0A34614E00120F3E700BF85
:1061800009EB040008EB04010268514400230220DB
:10619000FDF7FEF920B1FDF7F1F903203860E1E7E2
:1061A000241DA4B2E01CA842EAD315F003040FD0CA
:1061B000291BADF800B0494422466846FAF788FB2F
:1061C000311B5144BDF8002000230120FDF7E0F908
:1061D000FDF7D4F97E60D0E76400002000000808D5
:1061E00030B5284887B00024016841F4804101603F
:1061F000006800F48040059022481038016841F0A2
:1062000002010160016801F002010591016841F09D
:10621000080101600068142100F00800059068463C
:10622000FAF7F7FB4FF420400225CDE90005029470
:106230000520CDE9035069461348FDF7FDF9B0206C
:10624000009001A9012081E83100104D69462846DF
:106250000494FDF7F1F9012280212846FDF7E4FAC4
:10626000012210212846FDF7DFFA012220212846CD
:10627000FDF7DAFA064804604FF45571016007B083
:1062800030BD00004038024000040240000C0240D3
:106290000038004005490A689207FCD5034A121DE0
:1062A000106008680006FCD4704700000838004001
:1062B00070B505464FF6FF7000224AF201040CE06B
:1062C000AB5C58400023C60702D084EA500000E0CF
:1062D00040085B1C082BF6DB521C8A42F0D370BDD1
:1062E00070B511490446114A086890420CD13B220E
:1062F0002046FAF7EDFAE5880020E0803B212046B1
:10630000FFF7D6FF854204D0204600F06BF800204E
:1063100070BDE5803B2221460548FAF7D9FA0549C8
:106320000120087070BD000000000E0853524E4559
:10633000B003002055000020F0B5264E074695B06A
:10634000307828B13B2224493846FAF72BFA78B145
:106350000024224D0F94FDF759F91422204910A86A
:10636000FAF7FBFA0FA910A8FDF7BCF808BB02E08A
:10637000012015B0F0BD3B2239466846FAF7A8FA6D
:10638000DDF837003B21401CCDF83700ADF8064062
:106390006846FFF78DFFADF806006F465FF000041A
:1063A00005EB840157F8242000230220FDF7F0F8C4
:1063B00018B1FDF7E3F80020DBE7641C0E2CEFD3E7
:1063C000FDF7DCF83B2269460348FAF781FA012021
:1063D0003070CDE755000020B003002000000E080B
:1063E00054A8000810B504463B21FAF7F0FA0C480F
:1063F00020600120A08000212172C4F80910C4F897
:106400000D10C4F811104FF47A70A4F81500C4F8F8
:106410003710E18020463B21FFF74AFFE08010BDA6
:1064200053524E4501490870704700005800002043
:106430002DED028B86B0FBF74FFF002501262A4C7D
:1064400002274FF4FA7804AA03A905A8FBF7C0FFB6
:1064500010B300208DF808008DF80050F0B19DEDCC
:10646000050A00238DED010A1A466946A06901F06C
:10647000B9FD8DF800609DED030A00238DED010A42
:106480001A466946A06901F0ADFD8DF800709DEDDA
:10649000040A8DED010A19E00120DBE79FED138A64
:1064A00000238DED018A1A466946A06901F09AFD24
:1064B0008DF800608DED018A00231A466946A069B7
:1064C00001F090FD8DF800708DED018A00231A46D1
:1064D0006946A06901F086FD002001F0CDF8404634
:1064E00001F05CFCAFE700000000002000000000AD
:1064F000ADF52E7DFFF79AFCFFF71EFEFFF732F990
:106500005E48FFF751F9FEF7C5FB00F0D1FD9EA8EC
:10651000FFF7E6FE18B19DF88002FFF783FF584CA5
:106520004FF47A752B46002295A9606901F0FCFCB6
:1065300000282DD19DF854020A2829D2DFE800F066
:106540009A5C053213295E6A6E7D0120FFF76AFFAF
:106550009698FFF7A3FC9698FFF7ECFC9698CDF879
:106560008102014611E09DF85802FFF75BFF9DF89C
:1065700058028DF88002012802D10020FFF78EFC1E
:106580009EA8FFF7D9FE9DF858123E48FFF712F972
:1065900070E03DA13B48FFF70FFA3BA14448FFF7ED
:1065A0000BFA67E0092700F0EFFF804601F00AF8D8
:1065B0000646FCF7ADFB8246FCF7B0FB814601F0D6
:1065C0007DFC0097CDE90186014653464A462D4899
:1065D000FFF7D2F9FCF79CFB8246FCF79FFB814654
:1065E00001F06CFC0097CDE90186014653464A460E
:1065F0002F48FFF7C1F93DE00121C6E703A8FCF7EA
:106600005FF803A91F48FFF7F1F803A92848FFF72F
:10661000EDF82FE09698FFF71FFD04E0628825490A
:106620009698FFF791FD0646FFF780FD024686F03B
:1066300001011448FFF73CF91CE09698FFF738FD7C
:106640000646FFF773FD024686F001010D48FFF78D
:106650002FF97EB1C82001F0A1FBBFF34F8F164880
:106660000168164A01F4E06111430160BFF34F8FE6
:1066700000BFFDE7062000F0FFFF53E7A17C000804
:10668000000000207805002053544D33322D454E34
:10669000522076312E322E3020284D617920323131
:1066A00020323032362032313A34343A3137290010
:1066B00030050020200200200CED00E00400FA0567
:1066C0000EB5B3EE090A4548FFF786FC9FED440A74
:1066D00042482830FFF780FC9FED420A3F48503087
:1066E000FFF77AFC4FF400642046FBF7E3FDFBF76D
:1066F00093FD3A487830FFF76FFC2046FBF7DAFD50
:10670000FBF7AEFD3548A030FFF766FC334C364E44
:106710004FF0FF373C3C3B4600226946B06901F030
:1067200003FC01F0CBFB05469DF800009DED010A3E
:1067300005283DD2DFE800F00317222E400027484D
:10674000FFF75FFC9DF8080084ED000A6560207289
:106750000121B06801F046FB0121F06801F042FB25
:106760000121306922E01D482830FFF74AFC9DF8DE
:10677000080084ED030A2561207519E017485030A0
:10678000FFF73FFC9DF8080084ED060AE56184F8F8
:1067900020000DE011487830FFF733FC9DF8080029
:1067A00084ED090AA56284F82C0010E001F01AFBC0
:1067B000032000F061FFAEE70848A030FFF721FC9E
:1067C0009DF8080084ED0C0A656384F83800012107
:1067D000B06801F007FB0121F068E7E758010020ED
:1067E0000000484200407D44000000202DED028B57
:1067F00001F064FB3C4C4FF0FF3642F210756060D4
:10680000334600220121206901F016FBFCF780FAD3
:1068100018B1072000F030FFF2E7344890ED008A0D
:106820004168007A0028F4D001F048FB6168421A00
:106830002178052940D2DFE801F0030A1A2938003F
:1068400018EE102A2A4B9A4236DD012136E018EE66
:10685000103AB3F1844F01DD02212FE018EE103A17
:10686000244FBB4228DAAA4226D9002126E018EE9E
:10687000103A214FBB4201DD03211FE018EE103A10
:106880001E4FBB4218DAAA42DFD815E018EE103AC4
:106890001B4FBB4201DD042110E018EE103A194FE6
:1068A000BB4209DAAA42D7D806E018EE103A164FD2
:1068B000BB4201DAAA42DFD8894201D02170606070
:1068C000C8B205280CD2DFE800F00B030507090069
:1068D000192006E0322004E04B2002E0642000E0B2
:1068E0000020FFF7DBFA94E7000000201C010020E5
:1068F0000000E0410000D041000010420000F041E3
:106900000000204200000842000018422DED068BD6
:1069100082B0FEF749FD0020FEF764FC102400253C
:10692000CDE900544FF6FF760A2133467AA2084695
:10693000FEF7A2FE48F210401C2300904FF49B7219
:1069400019460A20FEF7E6FC4FEA060B76484FF0A0
:10695000FF3300220121806801F06EFA734890ED48
:10696000008A4168017A90ED03AA61F30706016984
:10697000017DD0ED069A61F30707C16990F82010F8
:10698000D0ED098A61F30708816A90F82C1090ED28
:106990000C9A61F30709416B90F83800CDE9005477
:1069A00060F3070A5B4662A228210A20FEF764FE14
:1069B00016F0FF0F0FD0CDE900544FF4FC63022214
:1069C000B0EE480A28215020FEF716FE28215B462B
:1069D00059A2B42004E028214FF4784357A2502054
:1069E000CDE90054FEF748FECDE900545E465B4613
:1069F00053A23C210A20FEF73FFE17F0FF0F0FD0F5
:106A0000CDE900544FF4FC630122B0EE4A0A3C2168
:106A10005020FEF7F1FD3C2133464BA28C2004E0D0
:106A20003C214FF4784345A25020CDE90054FEF7B5
:106A300023FECDE90054334644A250210A20FEF73C
:106A40001BFE18F0FF0F0FD0CDE9005450214FF47A
:106A5000FC630122B0EE690A0846FEF7CDFD502125
:106A600033463CA2B42004E050214FF4784333A2D3
:106A70000846CDE90054FEF7FFFDCDE9005433464A
:106A800035A264210A20FEF7F7FD19F0FF0F11D09F
:106A9000BCEEE80ACDE9005410EE100A4FF6E073A0
:106AA000642182B25020FEF7CBFD642133462CA234
:106AB000782004E064214FF4784320A25020CDE9EF
:106AC0000054FEF7D9FDCDE90054334625A27821C4
:106AD0000A20FEF7D1FD1AF0FF0F0FD0CDE90054C8
:106AE0004FF6E0730122B0EE490A78215020FEF7FC
:106AF00083FD782133461DA2084604E078214FF437
:106B000078430EA25020CDE90054FEF7B5FD0420D5
:106B100000F0B2FD1AE7000053656E736F72204DEE
:106B20006F6E69746F720000000000201C0100206D
:106B300054656D703A000000430000002D2D2D00BB
:106B400048756D69643A0000250000005072657355
:106B5000733A0000685061004C696768743A00003D
:106B60006C780000504D322E353A000075672F6D5D
:106B7000330000002DED028B84B01B4A01269FEDEF
:106B80001B8A07CA8DE80700194C4FF0FF38002711
:106B90004FF4FA794146E06901F058FA04210A20DD
:106BA00000F0B6FD0546E06901F0ADFA55B1C5F358
:106BB0008F00FBF77FFBFBF72FFB8DED010A8DF8B4
:106BC000086003E08DED018A8DF8087000231A46F5
:106BD0006946A06901F006FA012000F04DFD484623
:106BE00001F0DCF8D6E700004CA20008000000002D
:106BF000000000204FF4FA64204601F0CFF800F0C6
:106C0000BBFC00F091FC082000F036FDF4E700002A
:106C10002DED028B84B01B4A01269FED1B8A07CA0B
:106C20008DE80700194C4FF0FF3800274FF4FA7930
:106C30004146E06901F00AFA04210C2000F068FDE9
:106C40000546E06901F05FFA55B1C5F38F00FBF727
:106C500031FBFBF705FB8DED010A8DF8086003E0C1
:106C60008DED018A8DF8087000231A466946A069E7
:106C700001F0B8F9022000F0FFFC484601F08EF860
:106C8000D6E7000058A20008000000000000002025
:106C90002DED068B82B000244FF00A0BDFF8D0A058
:106CA000DFF8D0904FF0FF3300220121DAF80C001A
:106CB00001F0C2F899ED00AAD9F80410484699F8F5
:106CC0000810D9ED039A61F30706D9F8101099F866
:106CD000141099ED069AD9F81C1099F82010D9EDE6
:106CE000098AD9F8281099F82C1099ED0C8A61F3CB
:106CF0000707D9F8341090F8380060F3070501F061
:106D0000DDF88046EDB2FFB2F6B201463B463246B0
:106D1000B0EE482AF0EE681AB0EE491AF0EE690AB1
:106D2000B0EE4A0A14480095FEF7EEFD3B463246A7
:106D30004146B0EE482AF0EE681AB0EE491AF0EE7D
:106D4000690AB0EE4A0A0D480095FEF7DDFD641CA5
:106D5000B4FBFBF10BFB114028B90748FEF776FDA9
:106D60000648FEF773FD052000F086FC9AE7000058
:106D7000000000201C0100207805002030050020C4
:106D800010B54FF0E020006902F004FF012803D0A5
:106D9000BDE8104002F0ACBA10BD000030B593B0B1
:106DA00030216846F9F735FE14210CA8F9F731FEB9
:106DB0001D480025016841F080510160006800F025
:106DC000805011901948016841F4804101600068C9
:106DD000022400F4804011900120039010200490C0
:106DE000009406940820CDE90750A820CDE90904B5
:106DF00004200B906846FDF717F908B172B6FEE75C
:106E00000CA90F2081E831004FF4A0500F904FF4EF
:106E10008050109005210CA8FDF71CF8002801D027
:106E200072B6FEE713B030BD40380240007000403B
:106E30000248016841F470010160704788ED00E08C
:106E4000F0B50268274B284D284E294F294C4FF0AA
:106E5000804C984209D0604507D0A84205D0B04286
:106E600003D0B84201D0A04204D122F0700E4A688B
:106E700042EA0E0298421BD0604519D0A84217D0B2
:106E8000B04215D0B84213D0A04211D01A4DA8423A
:106E90000ED01A4DA8420BD0194DA84208D0194D5A
:106EA000A84205D0184DA84202D0184DA84203D1DF
:106EB00022F44075CA682A434D6922F080022A43B1
:106EC0008D68C5620D688562984201D0A04201D1EB
:106ED00009690163016841F0040101600121416118
:106EE0000260F0BD000001400004004000080040C6
:106EF000000C0040000401400040014000440140FB
:106F00000048014000180040001C004000200040E4
:106F100010B501F01F030121046A99408C430462FB
:106F2000016A9A401143016210BD0000F0B5036A86
:106F3000026A22F00102026242688469124E24F061
:106F400073050C682C4323F002058B682B430D4D11
:106F5000A84201D0B04205D123F00807CB683B43DB
:106F600023F00403A84201D0B04205D14D6922F4B8
:106F7000407215438A692A434260846149684163CB
:106F80000362F0BD0000014000040140F0B5026A58
:106F9000036A23F010030362436884690D6824F4D4
:106FA000E64444EA05248D6822F0200242EA0512F4
:106FB0000F4D104EA84201D0B04206D1CF6822F04A
:106FC000800242EA071222F04002A84201D0B042F9
:106FD00007D14D6923F4406343EA85038D6943EA91
:106FE000850343608461496881630262F0BD0000EB
:106FF0000000014000040140F0B5026A036A23F476
:10700000807303624368C46922F4007224F073053C
:107010000C68124E2C438D6842EA05220E4DA842A0
:1070200001D0B04206D1CF6822F4006242EA0722C2
:1070300022F48062A84201D0B04207D14D6923F406
:10704000405343EA05138D6943EA05134360C46165
:107050004968C1630262F0BD0000014000040140C4
:1070600030B5046A026A22F4805202624268C3693F
:107070000D6823F4E64343EA05238D6824F40054A5
:1070800044EA0534084DA84202D0084DA84204D174
:107090004D6922F4804242EA85124260C361496828
:1070A0000164046230BD00000000014000040140A2
:1070B000054910B54FF48C72A1F58470FDF7DCFA28
:1070C00002480121C17010BD80060020D0040020BC
:1070D00010B5806B0021C185FDF712FB10BD70B5A6
:1070E000846B2068406994F84110C0F3C0100025FB
:1070F000212904D118B1E584204600F08EF82068DB
:10710000406994F84210C0F38010222904D118B1CC
:10711000E585204600F05AF8606C40F0100060648D
:107120002046FDF7EDFA70BD10B50146806B096889
:1071300009684FF00002C9052ED4C28501680C31E0
:1071400051E8003F23F4807341E80034002CF5D16E
:107150000168143151E8003F23F0010341E8003495
:10716000002CF5D10168143151E8003F23F04003B1
:1071700041E80034002CF5D1202180F84210016B49
:10718000012909D101680C3151E8003F23F01003B7
:1071900041E80034002CF5D14263016B012902D093
:1071A000FDF724FD10BD818DFDF78CFA10BD10B5E3
:1071B000806B01214163016B012902D0FDF717FDAE
:1071C00010BD818D4908FDF77DFA10BD01680C31B5
:1071D00051E8002F22F4907241E80023002BF5D1F2
:1071E0000168143151E8002F22F0010241E8002328
:1071F000002BF5D1016B012909D101680C3151E84F
:10720000002F22F0100241E80023002BF5D12021AD
:1072100080F8421000210163704701680C3151E889
:10722000002F22F0C00241E80023002BF5D12021DD
:1072300080F84110704708B590F84210222901D01B
:10724000022008BD82684FF480539A4201D101693F
:1072500021B1816A9A421BD04AB10AE00268816A70
:107260005268C2F308020A80816A891C08E0026938
:1072700072B10268526802F07F020A70816A491C8A
:107280008162C18D491E0904090CC18503D01BE030
:1072900002685268F1E70168CA6822F02002CA60F9
:1072A0000168CA6822F48072CA6001684A6922F0E3
:1072B00001024A61202180F8421000214163026BE3
:1072C000012A03D0FDF792FC002008BD016301688C
:1072D0000C3151E8002F22F0100241E80023002B6E
:1072E000F5D101680A68D20602D50A68496800919A
:1072F000818DFDF7E7F9E7E770B50446006801699D
:10730000E26821F44051114301612169A068E269FA
:1073100008436169114308432168CA6849F20C6354
:107320009A430243CA6020684169A26921F440710E
:107330001143416131492068884202D03049884276
:1073400002D1FCF731FE01E0FCF71EFEE2690023EA
:10735000192164253226B2F5004F626828D0A0FBBF
:107360000101930F9200F9F721F80146B0FBF5F007
:107370006FF01802504301EB800006EB0010B0FBE9
:10738000F5F000F0F002B1FBF5F002EB0012B1FBFA
:10739000F5F06FF01803584301EB800006EB001086
:1073A000B0FBF5F000F00F0021681044886070BD5C
:1073B000A0FB010192185B41F8F7F8FF0146B0FB12
:1073C000F5F00201B1FBF5F06FF01803584301EB43
:1073D000800006EBC000B0FBF5F000F0F80002EB17
:1073E0004002B1FBF5F0584301EB800006EBC00012
:1073F000B0FBF5F000F00700D6E7000000100140F8
:107400000014014038B5816204468285002013468D
:107410006064222284F84220E56B1F4AEA63E56B30
:107420001E4A2A64E56B1E4AEA64E26B10650A464E
:107430002168E06B091DFCF703F830B1102060648F
:10744000202084F84200012038BD2068016840688F
:107450000090206948B120680C3050E8001F41F4CA
:10746000807140E80012002AF5D12068143050E8FD
:10747000001F41F0010140E80012002AF5D1206808
:10748000143050E8001F41F0400140E80012002A8B
:10749000F5D1002038BD000029710008AF71000847
:1074A000DF7000082DE9F843984617460D4604465C
:1074B000089E24E0701C22D0FCF7BBF9A0EB08006A
:1074C000B0421AD8CEB12068C168490717D5802DBF
:1074D00015D0402D13D00168C94309070FD40168A6
:1074E0000025406800902046FFF770FE0820606489
:1074F00084F840500120BDE8F8830320FBE72068B2
:10750000006835EA000004D00020B842D2D0002044
:10751000F1E70120F9E700000148FDF7F3B80000AA
:1075200078050020FEE7000070B5114800780028BB
:107530001DD000F0C3FC0F4C002200BF02EB420143
:1075400004EBC1014B687BB18B68CD68C31A9D42C7
:1075500008D20B695B1C0B61032B05D3097D19B1A4
:1075600072B6FDE700230B61521C092AE6DB70BDF1
:1075700054000020D802002002494AF6AA200860E0
:1075800070470000003000402DE9F04100250C4F0D
:107590002C46012604EB440007EBC000406838B1DC
:1075A000E0B200F03BF818B106FA04F02843C5B287
:1075B000641C092C01DA082CECDB2846BDE8F081BC
:1075C000D8020020054801688900016841F08071F7
:1075D000016001D5012070470020704774380240D7
:1075E0000B4810B545F2555101600521416040F24C
:1075F000E14181604CF6CC4101604AF6AA2101606C
:10760000D8210448F9F705FA03490120087010BD94
:1076100000300040D80200205400002010B504467D
:1076200009280ED200F04AFC0146074804EB440248
:1076300000EBC2008268C068891A814201D2012031
:1076400010BD002010BD0000D802002070B5092830
:107650000ED2084C00EB400504F8350004EBC504DD
:10766000E2606160237500F029FCA06000202061C9
:1076700070BD0000D802002010B50446092807D2CA
:1076800000F01CFC034A04EB440102EBC1018860DA
:1076900010BD0000D802002003B4019841000098FA
:1076A00050EAC12018BF04204A0D18BF40F0010065
:1076B00040F2FF72B2EB515F08BF40F002000128B8
:1076C00008BF052002B070470907090E002804DB37
:1076D00000F1E02080F80014704700F00F0000F186
:1076E000E02080F8141D704730380A2801D20120AC
:1076F00070470020704701E0491EC9B2012904D932
:10770000421812F8012C002AF6D0084670470000F3
:1077100070B50E460025FAF771FD0A48FBF75EFCCE
:10772000002408E064210748FBF702FC0548FBF74A
:10773000A1FB0544641CB442F4DB0248FBF7CCFC1B
:10774000284670BDEC0300200A88044B504053FAD1
:1077500080F0007880EA12200880704768A800084E
:1077600070B50023074D0AE00488CE5C664055FAE8
:1077700086F636785B1C86EA142404809BB293421A
:10778000F2D370BD68A8000830B503464FF6FF700D
:107790000022074C08E09D5C454054FA85F52D78A1
:1077A000521C85EA102092B28A42F4D330BD000008
:1077B00068A8000801EBC10140F8312000EBC100CE
:1077C00040210371401D01AB009AF8F78BBE000009
:1077D0001048016841F4700101600E490E4880397B
:1077E0000860FCF7C3FAFFF7D9FAFEF733FAFEF7A1
:1077F00041F9FEF781FAFEF79FFAFEF7DDFAFEF790
:10780000F7FAFEF709F900F061FBFEF751F900F015
:107810006FFBFEE788ED00E000000208FEB51C46A5
:10782000DDE908568DE87000014B00F003F8FEBD5D
:10783000980700202DE9FF5F92460EAA894604466C
:1078400092E803081A7B1E46C2F3400704F11002B7
:107850000A2590461FB1FE21A170062504E0FD20F7
:10786000A0701046FFF747FFE07084F8079084F897
:1078700008A0002020716071B079A071B079401C1F
:10788000B071A0788DF80000E0788DF801006FB13C
:10789000A0798DF80200E0798DF80300207A8DF848
:1078A00004002089000A8DF805001AE020798DF87F
:1078B000020060798DF80300A0798DF80400E0796A
:1078C0008DF80500207A8DF806002089000A8DF8D1
:1078D0000700A068000C8DF80800A068000E8DF865
:1078E0000900681E81B20DF10100FFF74DFFADF8F0
:1078F0000C00E278414603A8FFF732FF03A958467F
:10790000FFF722FFE278BDF80C0002F80800BDF88E
:107910000C00E278010A04F111001154BDF80C00CA
:107920002080E07804B02844801CBDE8F09F00006F
:107930002DE9FF4F0E469E4A00EB400102EBC105C8
:1079400000EB800101EB401100EB800707EB4010DA
:10795000974F603202EBC10460379B4695F803C035
:1079600007EBC0074FF000080C220623103785B044
:1079700041464FF001094FF4947ABCF10F0F78D2D1
:10798000DFE80CF077081518211E24272A363F77E8
:1079900047565A00FD2E01D0FE2E07D10220E87076
:1079A000297151462046F9F734F8A670F5E0E670E3
:1079B00003203BE0A078FE2802D02671042035E0A9
:1079C000A671EB70E9E0667105202FE0E6710720F3
:1079D0002CE02672082029E0A06866F31F20A06032
:1079E000A078FE2801D0092020E0EA702971D4E0B7
:1079F000A068010A41EA062161F31F20A0600A2065
:107A000014E0A068030A43EA064363F31F20A06062
:107A1000EBE72879E178884203D2C6552879401CE3
:107A20002871E178C0B2884201D30D20E870B4E03B
:107A300084F818610E20F9E784F81961A078FE280F
:107A400018D000BF4FF009018DF80400E0788DF8E0
:107A5000050012D1A0798DF80600E0798DF80700B5
:107A6000207A8DF8080020894FEA10208DF809004F
:107A70001FE090E04FF00501E6E720798DF8060061
:107A800060798DF80700A0798DF80800E0798DF80D
:107A90000900207A8DF80A00A0684FEA10228DF8BC
:107AA0000B204FEA10428DF80C204FEA10608DF841
:107AB0000D000DF10500FFF767FEADF80000E2785C
:107AC00039466846FFF74CFEA0684CF25632000A71
:107AD000811A90422DD016DC4CF25232A0EB0201FA
:107AE00090421ED008DCB0B1A0F55470B0F5404013
:107AF00013D001282BD112E0012914D0022914D06F
:107B0000032924D113E0082921D2DFE801F0201451
:107B10001620181A1C1E32201AE0BB2018E05C2028
:107B200016E0712014E02D2012E0B22010E0C920F0
:107B30000EE043200CE086200AE01D2008E0D32060
:107B400006E0422004E08F2002E0592000E00020FF
:107B50006946FFF7F9FDB4F8180185F80390BDF800
:107B6000001081420ED1524621460798F8F7F5FEE3
:107B70002878401C28702889401C2881A0796871C9
:107B8000012006E0A878401CA8706889401C688124
:107B90000220804601E085F80390BBF1000003D08D
:107BA00018222946F8F7D9FE09B04046BDE8F08F03
:107BB000980700202DE9FC4714460A46DDE90A1C17
:107BC000DDE90C76054600208046DDF838906CF340
:107BD000070867F30F28C4E9043166F3174869F30F
:107BE0001F68C4E90680A0684CF2533161F31F207E
:107BF000A06010202D21CDE9000103462946204632
:107C0000FFF70CFEBDE8FC872DE9F0410C46CE786D
:107C10000546897804F110008046FE292FD03146B0
:107C2000FFF769FD0646A07828706E702079A8706D
:107C30006079E870A0792871E0796871207AA8717C
:107C400020890927000AE871A0683246000C2872D2
:107C5000A0684146000E687205F10A00F8F738FE88
:107C600014F8032FE819304412F80810417014F882
:107C70000E1B095D8170B819C01CBDE8F081297028
:107C80006E70A079A870E079E870207A2871208958
:107C90000527000A6871E2784146A81DDEE700006A
:107CA0002DE9F041AEB00446242121A8F8F7B1FE39
:107CB000A068DFF8E080000AA0F543405138D8F80A
:107CC000145004F110010D285BD2DFE800F0070D1D
:107CD0005A5A181A1C5A5A202A5A5D002069022141
:107CE0008DF88410229005E0207C04218DF884100A
:107CF0008DF8880000231A4621A928463FE001207C
:107D000002E0032000E005208DF88400F2E7086817
:107D1000496807228DF8842000231A46CDE9220104
:107D2000EAE708680090E0786E460D46042801D91D
:107D3000001F00E0002087B2802F00D9802780211B
:107D4000301DF8F766FE3A46291D301DF8F7C0FDD4
:107D50008022114801A9F8F700FEE078042801D933
:107D6000001F00E00020A8F8020008208DF8840021
:107D70000098002322901A4621A9D8F8140000F098
:107D800031F92EB0BDE8F081092120698DF8841009
:107D9000EFE70000000000202002002010B5EFF304
:107DA000058111B16FF0050403E0002408B100F073
:107DB000C7FF204610BD10B54FF00001EFF305825C
:107DC0006AB948B1D0E902202AB1202807D3104669
:107DD00001F052F902E010B901F040F901460846FD
:107DE00010BD000038B50C4610B1210E002902D09C
:107DF0006FF0030038BDEFF30581B1B100210091B0
:107E00006A46214601F094F960B1009920460029A4
:107E1000F0D0084A4FF080511160BFF34F8FBFF38D
:107E20006F8F38BD6FF0020038BD214601F03AF97E
:107E300038BD000004ED00E0F8B51D4616460C46BE
:107E400010B1210E002902D06FF00300F8BDEFF34E
:107E5000058111B16FF00500F8BDF10701D00123D4
:107E600000E00023B10701D5002200E001222146F5
:107E7000009501F065F9F3076FF001016FF0020260
:107E800006D0844306D1F8BD0846F8BD1046F8BDBB
:107E90000442FCD1002DF9D0F6E7000010B501F046
:107EA00079FE38B1022804D003480068012800D0C8
:107EB000002010BD032010BDEC000020EFF3058072
:107EC00008B101F07BBE01F073BE0000EFF3058046
:107ED00010B16FF0050070470448016811B14FF010
:107EE000FF3070470121016000207047EC00002046
:107EF00010B5EFF3058010B16FF0050010BD084814
:107F00000168012902D04FF0FF3010BD054A002161
:107F100082F8141D0221016001F022F8002010BD3A
:107F2000EC0000200BE000E0F8B51D466FF0030206
:107F30006FF002064FF00004EFF30583A3B1F0B138
:107F4000E9B1E5B9002200926A4601F061FC01281E
:107F500017D10098B0B10C494FF080500860BFF3C2
:107F60004F8FBFF36F8F0DE048B141B12A4601F04A
:107F7000B3FB012806D025B16FF0010402E01446DE
:107F800000E034462046F8BD04ED00E0F8B51446A4
:107F90004FF00005EFF3058212BB08B301B3A4B1A3
:107FA000D4E9023263B1502A1AD32269C2B1676997
:107FB00000FB01F6B74213D3009501F0E8F907E0A2
:107FC00072B9226962B9626952B9002201F0BEF940
:107FD000050005D00CB1216800E0002100F07AFE18
:107FE0002846F8BDF8B51D466FF003026FF0020693
:107FF0004FF00004EFF30583ABB100B3F9B1F5B96D
:108000000022134600926A4601F0E8FA012818D1CE
:108010000098B8B10C494FF080500860BFF34F8F03
:10802000BFF36F8F0EE050B149B100232A4601F033
:1080300025FA012806D025B16FF0010402E01446AC
:1080400000E034462046F8BD04ED00E02DE9F041A3
:108050000D46014621F0010001F001014FF000043E
:10806000EFF305820AB1A41F16E048B100296FF0B2
:1080700001066FF00207294608D001F0D3FC07E0A3
:108080006FF0030408E035B1344605E001F00EFC62
:108090000128F8D100E03C462046BDE8F08170B5EB
:1080A00005464FF00004EFF3058050BB0DB1686842
:1080B00000E00020C10701D0012600E000260007F3
:1080C0001FD46DB1D5E9021021B1502819D31EB1CA
:1080D000042002E020B114E0012001F02AF905E0BB
:1080E0000EB1042000E0012001F018F9040008D0CE
:1080F0000DB1296800E0002100F0ECFD0EB144F064
:108100000104204670BD70B5014621F0010001F068
:1081100001014FF00004EFF305820AB1A41F11E042
:1081200028B16FF0020529B101F0B7FA07E06FF04E
:10813000030407E000231A46194601F09FF90128BD
:1081400000D02C46204670BD2DE9FF414FEA0103C7
:108150004FF00005EFF30581039549BB40B380273D
:10816000182100244AB3166806B1344696691EB138
:108170003146761E382E02D21679F60703D000203B
:1081800004B0BDE8F081566906B1B708D2F808C05E
:10819000BCF1000F0DD0D5685C2D18D312693AB12F
:1081A00036B18DE806103A46214601F0C2FC039034
:1081B0000DE0D6685EB912694AB903AACDE900128A
:1081C000BAB2214601F088FC012800D0039503983B
:1081D000D6E700002DE9F041134C0F460546E6684E
:1081E0002068001D00F06BFC681C07D137B12168C6
:1081F000BDE8F0410D48091D00F0BEBC20683544C3
:10820000B5424560216805D2A06BBDE8F041091D6B
:1082100000F09ABC606B091D00F096FCA06A8542D4
:1082200000D2A562BDE8F0819C000020C8130020A8
:108230002DE9F041054600F0ABFC2D4CA068401C38
:10824000A06020682B4F10B1606930B32BE025602F
:10825000A068012827D1002606EB860007EB8000E6
:1082600000F064FC761C382EF6D3234800F05EFC48
:108270002148143000F05AFC1F48283000F056FC0A
:108280001D483C3000F052FC1B48503000F04EFCC2
:10829000194860631430A06305E02068E96AC06A89
:1082A000884200D82560606A401C60626864E86AA1
:1082B0002169884200D9206100EB800007EB800033
:1082C000291D00F059FC00F083FC606900280CD0E7
:1082D0002068E96AC06A884207D208494FF0805096
:1082E0000860BFF34F8FBFF36F8FBDE8F0810000D0
:1082F0009C000020180F00207813002004ED00E0FF
:1083000038B500F045FC104C2068C8B90F4800F0A3
:108310000DFC0E48143000F009FC0C48E0601430ED
:1083200020610A4B0020F03B009003F15002102125
:108330000A2001F02CF8206010B105A100F0CAFC61
:10834000BDE8384000F044BCD8000020CC14002028
:10835000546D72510000000030B4026C0B46002ACC
:108360000BD0C1681144C1608468A14201D3016887
:10837000C16030BC1846F8F7ABBA30BC70472DE985
:10838000F041856B174604460026026C82B1C7B1E6
:10839000E068F8F79DFAE168206C091AE16022684C
:1083A000914202D2A168081AE060022F16D017E0AD
:1083B0002068A8B9A06801F06DFC06460020A06006
:1083C0000EE06068F8F784FA216C60680844606029
:1083D000A168884204D32068606001E005B16D1E89
:1083E0006D1CA5633046BDE8F08110B5044690F8D9
:1083F000590058B101280CD002280FD0502080F32A
:108400001188BFF34F8FBFF36F8FFEE7206B00F033
:10841000F3FB2046BDE8104000F0EEBB10BD0000AD
:1084200010484FF47051420706D0C01D0D4920F08E
:108430000700411AC1F570510B4A00230144C2E9FB
:1084400000030839183A21F0070111604B600B60F6
:108450000B1AC0E9001393604FF000405360506165
:1084600070470000AC1B002008010020144E154C82
:10847000A6F29C474FF08058DFF84C9012E000BF06
:1084800000F086FBF068C568281D00F018FBA068A6
:10849000401EA0606068401E606000F099FB2846A6
:1084A000FFF7A3FF60680028EAD138680128F9D9EE
:1084B000C9F80080BFF34F8FBFF36F8FF2E7000062
:1084C000B41300209C00002004ED00E0002807D039
:1084D0000021816001600B460A46C16000F0CEBFFA
:1084E0007047000070B51D46049C51B1C4F80020CF
:1084F000C4E90F010121204600F07CFF84F84C50B4
:1085000070BD2460F4E700002DE9F05F8846DDE9E6
:108510000B941546834691009A460A9EA522206B2D
:10852000F8F74DFA6FF00301206B01EB8501084469
:1085300020F00707780707D0502080F31188BFF399
:108540004F8FBFF36F8FFEE70025B8F1000F0FD0FC
:108550005FF00000221818F8001082F8341018F8A4
:10856000001011B1401C1028F4D384F8435001E0EE
:1085700084F83450382E00D33726E662C4E91365F8
:10858000201D00F0DEFA04F1180000F0DAFA246190
:10859000C6F138006462A061656584F8585052469F
:1085A0005946384600F070FA2060B9F1000F01D04A
:1085B000C9F80040BDE8F09F30B5114900E0114610
:1085C0000A688242FBD34B685C18844203D140683E
:1085D00018444860084643681C18944209D1084C66
:1085E000183C2468A24209D052681A4442600A68C2
:1085F00012680260814200D0086030BD0460F9E773
:108600000801002070B5002441600B4D00619142CB
:1086100006D8D11A8269914206D2011D286907E065
:108620009A4203D2994201D3012403E0011DE86874
:1086300000F08AFA204670BDD800002010B504462C
:1086400000F0A6FAA06B28B15FF0000400F0C0FAB9
:10865000204610BD0124F9E730B589B03C4D6EE0ED
:108660000498002806DADDE90601059A9047049887
:10867000002864DB069C606910B1201D00F01FFA21
:1086800003A800F0D7F8024604980A2857D2DFE87A
:1086900000F00505052D334A05052D3394F8280013
:1086A00040F0010084F828000599A069059B014469
:1086B0002046FFF7A7FF68B3216A2046884794F851
:1086C000280040073BD5002000900598A1690023B1
:1086D00042181946204601F023FCD8B9502080F3F7
:1086E0001188BFF34F8FBFF36F8FFEE714F8280F89
:1086F00020F00100207022E094F8280040F00100F2
:1087000084F828000598A06128B1811813462046F6
:10871000FFF778FF13E0502080F31188BFF34F8FED
:10872000BFF36F8FFEE794F82800810703D420463B
:1087300000F062FA03E020F0010084F82800002233
:1087400004A9286800F0C8FF002889D109B030BD0D
:10875000D80000202DE9FC410F46054600F044FCFE
:1087600001A800F067F80446019818B101F046FB33
:10877000BDE8FC81254EAFB130690068D0B3002759
:10878000291B3A46306800F0B9FA01F037FB00289F
:10879000EED11F494FF080500860BFF34F8FBFF3F9
:1087A0006F8FE5E7A542EBD801F028FBF06827467C
:1087B000C068C468201D00F082F994F828004107C1
:1087C00019D5A0692B4641193A462046FFF71AFFF2
:1087D000A8B100200346014600902A46204601F039
:1087E0009FFB60B9502080F31188BFF34F8FBFF318
:1087F0006F8FFEE707E020F0010084F82800216A6F
:1088000020468847B4E70127BAE70000D8000020D7
:1088100004ED00E00648416B096829B1416BC96865
:10882000C9684968816270474FF0FF31FAE700007C
:108830009C00002070B5054601F0BAF9064E0446CA
:10884000B068844203D200F009F8012000E0002063
:1088500028602046B46070BDD8000020F8B5194DDE
:1088600020E0C068C4680668201D00F028F9216A6D
:108870002046884794F82800400713D5A069304463
:10888000B04206D924616060211DE86800F05CF9FF
:1088900008E000200346014600903246204601F0E1
:1088A0003FFB38B1E86801680029DAD12969C5E9D8
:1088B0000310F8BD502080F31188BFF34F8FBFF332
:1088C0006F8FFEE7D800002008484068401C4FF03A
:1088D000500080F3118804D0BFF34F8FBFF36F8F28
:1088E000FEE7BFF34F8FBFF36F8FFEE7100100204D
:1088F0000346002012B1994302D070470B42FCD0CE
:1089000001207047074CE068016841B1C068002150
:10891000D0F80000FFF71EFFFFF79EFEF3E70121EE
:108920000020F7E7D80000202DE9F041044600F0D0
:108930002FF994F9455004F1240609E0606A48B122
:10894000304601F023FA08B100F028FA6D1E6DB22E
:10895000002DF3DC4FF0FF3684F8456000F038F965
:1089600000F016F994F9445004F1100709E0206969
:1089700048B1384601F00AFA08B100F00FFA6D1E4E
:108980006DB2002DF3DC84F84460BDE8F04100F0E6
:108990001FB900002DE9F0410546002700F024FB37
:1089A000324E306808B9FFF73BFD706905424ED181
:1089B000C5B3083568070ED005F00700C0F1080000
:1089C0000544680707D0502080F31188BFF34F8F0C
:1089D000BFF36F8FFEE72DB37068854237D8234809
:1089E000183001460C6801E020460C466168A94237
:1089F00002D221680029F7D131688C4227D007685C
:108A00002168016060680837411B10290FD960197F
:108A1000420708D0502080F31188BFF34F8FBFF377
:108A20006F8FFEE713E041606560FFF7C5FD616889
:108A30007068401A7060B268904200D2B06070698D
:108A400001430020C4E90001F068401CF06001F01F
:108A5000D5F9780707D0502080F31188BFF34F8FE6
:108A6000BFF36F8FFEE73846BDE8F081F0000020CD
:108A70000449086818B10868026D521C026508684C
:108A8000704700009C00002010B5031F4FF0807459
:108A90001C601B1F21F001011960191F024B0B60A4
:108AA000143940380A6010BDC9880008002805D074
:108AB0000368002B02D06423FCF79AB87047D0E912
:108AC000013201699A60D0E901235A604A68824202
:108AD00001D182684A60002202610868401E086075
:108AE00008687047044908680A688069D26A09689A
:108AF000C2F138028A6170479C000020034B03607A
:108B000003F15C000860802010607047F4140020BE
:108B1000044B036003F15C0008604FF48070106048
:108B2000704700005017002000F0BCBA00F10801A7
:108B30004FF0FF32C0E90112C16001610021016004
:108B4000704700210161704730B50B685A1C02D094
:108B500000F1080202E0026904E022465468256838
:108B60009D42FAD953684B6099608A6051600861F0
:108B70000168491C016030BD42684A6093688B609F
:108B800093685960916008610168491C01607047F1
:108B9000502080F31188BFF34F8FBFF36F8F0A49C6
:108BA0004868401C486001280CD10848006810F053
:108BB000FF0F07D0502080F31188BFF34F8FBFF312
:108BC0006F8FFEE7704700001001002004ED00E009
:108BD0000849486828B1401E486001D180F31188D7
:108BE0007047502080F31188BFF34F8FBFF36F8F12
:108BF000FEE700001001002070B500282AD0164DB5
:108C0000A0F1080460686969084207D1502080F328
:108C10001188BFF34F8FBFF36F8FFEE722683AB121
:108C2000502080F31188BFF34F8FBFF36F8FFEE7A3
:108C30008843606000F0D8F960686968084468603B
:108C40002046FFF7B9FC2869401C2861BDE8704048
:108C500001F0D4B870BD0000F00000204FF0E0201B
:108C600000210161816105494FF47A720968B1FB05
:108C7000F2F1491E4161072101617047980000200F
:108C800010B5F7F76FFB114910280ED300F1E02063
:108C900090F8F0030A78904207D2502080F31188B0
:108CA000BFF34F8FBFF36F8FFEE7094800688968F5
:108CB00000F4E060884207D9502080F31188BFF3A8
:108CC0004F8FBFF36F8FFEE710BD00001001002033
:108CD0000CED00E010B5084B002200BF53F8324005
:108CE0001CB1521C082AF9D310BD43F8321003EB13
:108CF000C201486010BD0000D80E002070B51546B6
:108D00000E460446FFF744FF94F944100020491C26
:108D100001D184F8440094F94510491C01D184F82C
:108D20004500FFF755FFA06B28B92A46314604F1EC
:108D3000240000F051F82046BDE87040FFF7F4BD74
:108D400010B5020014D00F48006B38B1502080F3EA
:108D50001188BFF34F8FBFF36F8FFEE700F044F928
:108D600000211046FFF736FA01F048F8002807D135
:108D700005494FF080500860BFF34F8FBFF36F8FEE
:108D800010BD00009C00002004ED00E002490A6ACA
:108D90000260C968416070479C00002001490120C1
:108DA000C86170479C00002010B50C4650B10949BD
:108DB00009681831FFF7C8FE2046BDE810400121C0
:108DC000FFF708BA502080F31188BFF34F8FBFF32D
:108DD0006F8FFEE79C00002070B514460D4668B109
:108DE0000A4909681831FFF7C7FE0CB14FF0FF358B
:108DF00021462846BDE87040FFF7ECB9502080F3CB
:108E00001188BFF34F8FBFF36F8FFEE79C000020E8
:108E100010B51446030011D01048026BB2B10268BD
:108E200041F000419161016818461831FFF7A4FE36
:108E30002046BDE810400121FFF7CCB9502080F357
:108E40001188BFF34F8FBFF36F8FFEE7502080F381
:108E50001188BFF34F8FBFF36F8FFEE79C00002098
:108E600070B504003ED0226DA2B1E06C884200D300
:108E70000146E06A884235D0012A33D11A4D2A686A
:108E800094420FD1502080F31188BFF34F8FBFF36E
:108E90006F8FFEE7502080F31188BFF34F8FBFF331
:108EA0006F8FFEE7E162A269002A02DBC1F138019F
:108EB000A1610E4E00EB8000616906EB80008142EB
:108EC00010D1201DFFF7FBFDE06A2969884200D917
:108ED000286100EB800006EB8000211DBDE870409A
:108EE000FFF74ABE70BD00009C000020180F002054
:108EF00070B5194D2A6BF2B141F000410160C468B0
:108F00000CB3FFF7DCFD201DFFF7D9FDE06A2969EE
:108F1000884200D92861114900EB800001EB8000F4
:108F2000211DFFF729FEE06A2968C96A884201D934
:108F30000120E86170BD502080F31188BFF34F8F8E
:108F4000BFF36F8FFEE7502080F31188BFF34F8F80
:108F5000BFF36F8FFEE700009C000020180F002079
:108F600030B587B00024039405AA04A903A804948B
:108F7000FFF7C4FDDDE903010094CDE901100023F2
:108F800015A11748059A00F0D4FD164D0028E86297
:108F90001FD000F095FF012809D0401C19D15020A6
:108FA00080F31188BFF34F8FBFF36F8FFEE7502020
:108FB00080F31188BFF34F8FBFF36F8F4FF0FF30F7
:108FC000A86201206861EC6007B0BDE8304000F0A5
:108FD0003BB907B030BD000049444C4500000000DB
:108FE0006D8400089C0000200248016B491C01634D
:108FF000704700009C000020164810B5016B11B1AD
:109000000121C16110BD0021C1610169124A01E065
:10901000B9B1491E01EB810352F82330002BF7D080
:1090200001EB810302EB830202F1080453685B68E1
:109030005360A34201D15B685360DA68026001614A
:1090400010BD502080F31188BFF34F8FBFF36F8F97
:10905000FEE700009C000020180F002070B52020C3
:10906000FFF798FC040005D00025201D2560FFF7C0
:109070005DFD2577204670BD38B558B120210446E6
:10908000002000912060201DFFF750FD0120207777
:10909000204638BD502080F31188BFF34F8FBFF3B7
:1090A0006F8FFEE72DE9F0410027884604000AD0C3
:1090B0005FEA18600FD0502080F31188BFF34F8F04
:1090C000BFF36F8FFEE7502080F31188BFF34F8FFF
:1090D000BFF36F8FFEE7261D04F10C05FFF784FF39
:1090E0002168F06841EA0801216017E0D0E9001624
:1090F00001F07F425301236821F07F4102D40B42EB
:1091000003D10AE031EA030307D1D20100D50F43AE
:10911000216841F00071FFF7EBFE3046A842E5D12F
:109120002068B843206000F069FE2068BDE8F08147
:1091300013460A460146014800F026BF298B000865
:109140002DE9F0479A46DDF8209090460D46040040
:109150004FF0000709D0280E0FD0502080F311885F
:10916000BFF34F8FBFF36F8FFEE7502080F311885E
:10917000BFF34F8FBFF36F8FFEE71DB100F00AFD05
:1091800040B112E0502080F31188BFF34F8FBFF33E
:109190006F8FFEE7B9F1000F07D0502080F31188E0
:1091A000BFF34F8FBFF36F8FFEE7FFF71DFF2668FA
:1091B000524629463046FFF79BFB30B1B8F1000F0D
:1091C0001AD02068A843206016E0B9F1000F13D030
:1091D000B8F1000F01D04FF08077BAF1000F01D045
:1091E00047F0806745EA07014A46201DFFF710FE59
:1091F00000F004FE18B10AE000F000FE1FE0114983
:109200004FF080500860BFF34F8FBFF36F8FFFF7B1
:1092100069FC0646800110D4FFF7BAFC2668524666
:1092200029463046FFF764FB28B1B8F1000F02D0A1
:109230002068A8432060FFF7CBFC26F07F4630462D
:10924000BDE8F08704ED00E01CB5264908780190E0
:10925000FF20087008788DF800009DF800009DF848
:10926000002000F0F000904207D0502080F31188D9
:10927000BFF34F8FBFF36F8FFEE79DF800001A4CCE
:1092800000F0500020700720A06005E09DF800204D
:1092900052008DF80020401E9DF800201206F5D4E3
:1092A000A060032807D0502080F31188BFF34F8FB0
:1092B000BFF36F8FFEE74FF44070A0600198087015
:1092C0000A48016841F470010160016841F0704191
:1092D0000160FFF7C3FC00206060F7F70DF8002085
:1092E0001CBD000000E400E01001002020ED00E0C3
:1092F00010B5502080F31188BFF34F8FBFF36F8FED
:1093000000F064FC18B104494FF080500860002060
:1093100080F3118810BD000004ED00E010B5024696
:109320000021012000F012F80446FFF7CFF8204694
:1093300010BD38B50B46002200901146012000F008
:1093400026F80446FFF7C2F8204638BDF8B51746A0
:109350000E46050013D005FB06F05030FFF71AFB50
:1093600004000AD0002084F8460004F150023B4675
:10937000314628460094FFF7B5F82046F8BD502046
:1093800080F31188BFF34F8FBFF36F8FFEE738B5BF
:10939000049D18B153B1CAB181B120E0502080F3CF
:1093A0001188BFF34F8FBFF36F8FFEE7502080F31C
:1093B0001188BFF34F8FBFF36F8FFEE7502080F30C
:1093C0001188BFF34F8FBFF36F8FFEE739B1502085
:1093D00080F31188BFF34F8FBFF36F8FFEE75024E8
:1093E0001C46012384F846302B460094FFF77AF898
:1093F000204638BD70B50D46040025D0FFF7C8FBE8
:10940000D4E90F20216802FB0011A1600021A163B3
:10941000216861600A46D4E90F01401E00FB01216A
:10942000E16021464FF0FF3001F8440F487004F12D
:1094300010008DB1FFF77AFB04F12400FFF776FBF3
:10944000FFF7C6FB012070BD502080F31188BFF3E9
:109450004F8FBFF36F8FFEE721690029F0D000F036
:1094600095FC0028ECD004494FF080500860BFF311
:109470004F8FBFF36F8FE3E704ED00E02DE9FF4767
:1094800082B01D468A464FF00008040003D0BAF1AE
:10949000000F08D011E0502080F31188BFF34F8FE8
:1094A000BFF36F8FFEE7206C38B1502080F3118836
:1094B000BFF34F8FBFF36F8FFEE7022D0AD1E06B32
:1094C000012807D0502080F31188BFF34F8FBFF3DE
:1094D0006F8FFEE700F05EFB3F4F4FF000094FF04B
:1094E000805648B9049838B1502080F31188BFF3F2
:1094F0004F8FBFF36F8FFEE7FFF74AFBA06BE16B67
:10950000884207D3022D05D00498D0B1B8F1000FDE
:109510001AD01EE02A4651462046FEF730FF616A07
:1095200019B104F1240000F031FC20B13E60BFF31A
:109530004F8FBFF36F8FFFF74BFB012006B0BDE8E5
:10954000F087FFF745FB22E06846FFF71FFC4FF06E
:109550000108FFF73DFBFFF747FDFFF719FB94F903
:109560004400401C01D184F8449094F94500401C0B
:1095700001D184F84590FFF72BFB04A9684600F061
:1095800071FA30B12046FFF7CFF900F037FC002028
:10959000D4E7FFF7FDFAA06BE16B884213D1FFF728
:1095A00017FB04F110000499FFF7FEFB2046FFF7BC
:1095B000BBF900F023FC00289ED13E60BFF34F8F23
:1095C000BFF36F8F98E7FFF703FB2046FFF7ACF977
:1095D00000F014FC90E7000004ED00E02DE9F047F6
:1095E0001F4690468946040003D0B9F1000F08D009
:1095F00011E0502080F31188BFF34F8FBFF36F8FBE
:10960000FEE7206C38B1502080F31188BFF34F8FF4
:10961000BFF36F8FFEE7022F0AD1E06B012807D05E
:10962000502080F31188BFF34F8FBFF36F8FFEE799
:10963000FFF726FB5020EFF3118680F31188BFF36C
:109640004F8FBFF36F8FA06BE16B884206D3022F61
:1096500004D0002086F31188BDE8F08794F94550C6
:10966000A06B3A4649462046FEF789FE681C04D0A6
:109670006D1C84F845500120ECE7606A0028FAD0A0
:1096800004F1240000F082FB0028F4D0B8F1000FB0
:10969000F1D00121C8F80010EDE710B5040009D0A1
:1096A00000F072FAA168884214D1E068401EE060C0
:1096B00008D00DE0502080F31188BFF34F8FBFF327
:1096C0006F8FFEE700231A4619462046FFF7D6FEA5
:1096D000012010BD002010BD2DE9F747002683B002
:1096E0008A46040003D0BAF1000F08D011E05020E0
:1096F00080F31188BFF34F8FBFF36F8FFEE7206CAD
:1097000038B1502080F31188BFF34F8FBFF36F8FB4
:10971000FEE700F03FFADFF8F4804FF000094FF069
:10972000805748B9059838B1502080F31188BFF3AD
:109730004F8FBFF36F8FFEE7FFF72AFAA56BC5B116
:1097400051462046FEF708FE6D1EA563206950B104
:1097500004F1100000F01AFB28B1C8F80070BFF344
:109760004F8FBFF36F8FFFF733FA012006B0BDE8CC
:10977000F087059808B11EB106E0FFF729FA27E047
:109780006846FFF703FB0126FFF722FAFFF72CFCE0
:10979000FFF7FEF994F94400401C01D184F844908D
:1097A00094F94500401C01D184F84590FFF710FA68
:1097B00005A9684600F056F9002820460AD0FFF7B0
:1097C000B3F800F01BFB2046FEF738FF0028B3D0AB
:1097D0000020CBE7FEF732FF90B104F12400059999
:1097E000FFF7E2FA2046FFF79FF800F007FB00289A
:1097F000A2D1C8F80070BFF34F8FBFF36F8F9BE704
:109800002046FFF791F800F0F9FA95E704ED00E043
:109810002DE9F04790468946040003D0B9F1000FC6
:1098200008D011E0502080F31188BFF34F8FBFF3B1
:109830006F8FFEE7206C38B1502080F31188BFF3A2
:109840004F8FBFF36F8FFEE7FFF71AFA5020EFF349
:10985000118680F31188BFF34F8FBFF36F8FA76B13
:10986000F7B194F9445049462046FEF775FD7F1E36
:10987000A763681C04D06D1C84F84450012010E0DC
:1098800020690028FAD004F1100000F07FFA0028C7
:10989000F4D0B8F1000FF1D00121C8F80010EDE7C5
:1098A000002086F31188BDE8F08700002DE9F3431E
:1098B000002683B00400354609D0206C78B15020D2
:1098C00080F31188BFF34F8FBFF36F8FFEE75020F7
:1098D00080F31188BFF34F8FBFF36F8FFEE700F067
:1098E00059F9DFF83C814FF000094FF0805748B933
:1098F000049838B1502080F31188BFF34F8FBFF325
:109900006F8FFEE7FFF744F9A06BC8B1401EA0635C
:10991000206810B9FFF7ACF8A060206950B104F1DD
:10992000100000F033FA28B1C8F80070BFF34F8F71
:10993000BFF36F8FFFF74CF9012005B0BDE8F0834E
:10994000049808B166B10FE03DB1502080F3118852
:10995000BFF34F8FBFF36F8FFEE7FFF739F95DE07D
:109960006846FFF713FA0126FFF732F9FFF73CFBD1
:10997000FFF70EF994F94400401C01D184F844909B
:1099800094F94500401C01D184F84590FFF720F977
:1099900004A9684600F066F80028204612D0FEF7B9
:1099A000C3FF00F02BFA2046FEF748FE0028A9D09E
:1099B0009DB3FFF7EDF8606A50B3206B0068C0F10B
:1099C000380126E0FEF73AFEE0B1206838B9FFF72B
:1099D000DFF8A06800F09EF90546FFF7F9F804F1FA
:1099E00024000499FFF7E0F92046FEF79DFF00F000
:1099F00005FA002886D1C8F80070BFF34F8FBFF377
:109A00006F8F7FE72046FEF78FFF00F0F7F979E7C9
:109A10000021A068FFF724FA9FE7FFE700208CE70A
:109A200004ED00E070B50D46040009D000F0ACF87C
:109A3000A16888420CD1E068401CE060012070BD44
:109A4000502080F31188BFF34F8FBFF36F8FFEE775
:109A500029462046FFF72AFF0028F0D0E168491C7C
:109A6000E16070BD2DE9F0410C46050011D0C4B194
:109A7000FFF78EF8174BDA686E682068911B471C59
:109A800017D02F681B6A9F4219D0964217D801241D
:109A900010E0502080F31188BFF34F8FBFF36F8F1A
:109AA000FEE7502080F31188BFF34F8FBFF36F8F15
:109AB000FEE70024FFF78CF82046BDE8F0818842DD
:109AC00005D9401A20602846FFF760F9F1E7002029
:109AD0002060DCE79C0000202DE9FF5F8346DDE984
:109AE0000E87994616468A469000FEF753FF0500FA
:109AF0001CD05C20FEF74EFF040014D0002025632C
:109B000084F85900CDE90240CDE900874B46324642
:109B100051465846FEF7F8FC2046FEF789FB012027
:109B200004B0BDE8F09F2846FFF766F84FF0FF301D
:109B3000F6E7F0B585B0DDE90B640A9DA6B1DCB1AE
:109B40005C2700972663022684F85960002604AF3C
:109B5000CDE90246CDE90057FEF7D6FC2046FEF7D8
:109B600067FB049805B0F0BD502080F31188BFF367
:109B70004F8FBFF36F8FFEE7502080F31188BFF344
:109B80004F8FBFF36F8FFEE70148006870470000FA
:109B90009C0000200548416919B1006B18B10020F4
:109BA0007047012070470220704700009C00002091
:109BB0000148C068704700009C00002010B5FFF706
:109BC0005FF80148C06810BD9C0000202DE9F041FD
:109BD0002E4C0027206B28B1A069401CA06138469C
:109BE000BDE8F081E668761CE66013D1606B006822
:109BF00038B1502080F31188BFF34F8FBFF36F8FC0
:109C0000FEE7606BA16B6163A063206A401C206269
:109C1000FEF700FEA06ADFF87880864209D3606B09
:109C20000068A0B1606BC068C5686868864211D2E0
:109C3000A0622068C06A00EB800158F8210001286A
:109C400000D90127E0690028C9D00127C7E74FF0F4
:109C5000FF30EDE7281DFEF732FFA86A18B105F1C5
:109C60001800FEF72CFFE86A2169884200D92061BC
:109C700000EB800108EB8100291DFEF77DFFE86AFB
:109C80002168C96A8842CAD30127C8E79C0000201E
:109C9000180F002070B504004FF0000133D01B4DA9
:109CA0002868844207D0502080F31188BFF34F8F7B
:109CB000BFF36F8FFEE7206D38B1401E2065E36C67
:109CC000E26A9A421FD040B11DE0502080F3118813
:109CD000BFF34F8FBFF36F8FFEE7201DFEF7EFFE40
:109CE000E06CE062C0F13800A061E06A2969884256
:109CF00000D92861064900EB800001EB8000211D9E
:109D0000FEF73AFF0121084670BD00009C000020CC
:109D1000180F002070B504004FF000002BD0194D33
:109D2000E16A2A68D26A914226D2A069002804DB3F
:109D30002868C06AC0F13800A061134E01EB8101B0
:109D4000606906EB8101884211D1201DFEF7B7FE44
:109D50002868C06AE0622969884200D9286100EB5E
:109D6000800006EB8000211DFEF706FF02E0286858
:109D7000C06AE062012070BDE16C2A68D26A91423B
:109D8000F8D370BD9C000020180F002070B5C0688B
:109D9000C46854B104F118000646FEF790FE144D55
:109DA000286B50B13146134815E0502080F31188DC
:109DB000BFF34F8FBFF36F8FFEE7201DFEF77FFECF
:109DC000E06A2969884200D928610B4900EB8000CC
:109DD00001EB8000211DFEF7CFFEE06A2968C96A09
:109DE000884202D90120E86170BD002070BD0000EA
:109DF0009C000020A0130020180F00202DE9F04740
:109E00002C4D00242746286B38B1FEF7C1FE286B85
:109E1000401E2863286B40B146E0502080F3118833
:109E2000BFF34F8FBFF36F8FFEE7A968224E01206B
:109E3000D1B3A6F5916980463068E0B1F068C46896
:109E400004F11800FEF73BFE201DFEF738FEE06A25
:109E50002969884200D9286100EB800109EB810063
:109E6000211DFEF789FEE06A2968C96A8842E3D3AA
:109E7000C5F81C80E0E70CB1FEF7CCFCAC694CB136
:109E80004FEA0806FFF7A2FE00B1EE61641EF9D1A9
:109E90000020A861E86938B108490127380708603F
:109EA000BFF34F8FBFF36F8FFEF792FE3846BDE8CA
:109EB000F08700009C000020A013002004ED00E0CB
:109EC00010B586B0FEF71CFA114C2068B8B100201E
:109ED0000390049005AA04A903A8FEF719FEDDE982
:109EE000032102208DE8070000230AA10B48059AF0
:109EF000FFF71FFE606010B106B0012010BD5020BA
:109F000080F31188BFF34F8FBFF36F8FFEE7000020
:109F1000D8000020546D7220537663000589000834
:109F20002DE9FF411E46134602000A9D4FF0000036
:109F300016D0144C2768002F0FD0CDE900130292E1
:109F4000062917DAFFF726FE02284FF000030FD08C
:109F5000002269462068FFF791FA04B0BDE8F0815D
:109F6000502080F31188BFF34F8FBFF36F8FFEE750
:109F70002A46EEE70023324669463846FFF72EFBB5
:109F8000EBE70000D80000201FB51C466FF001036E
:109F9000CDE90030CDE9021204480023224669468B
:109FA0000068FFF71BFB04B010BD0000D8000020C4
:109FB00010B500290AD00878002807D00548784451
:109FC000F7F778FC002801D0002010BD0248784443
:109FD00010BD0000A20B00009A0B000010B5002974
:109FE0000AD00878002807D005487844F7F762FCC3
:109FF000002801D0002010BD0248784410BD0000A8
:10A00000920B00008A0B00000808A0F500114FEA2F
:10A010003101704743004FEAD30C4FEA3C0C4340F8
:10A020001FBF40070CF1605113F0FE4F70471CF04A
:10A03000006F03D100200CF0004170470CF000438A
:10A0400043EA507010B540EACC0000F00EF800BFB3
:10A05000000000924FEA0001FFF7D6BF4FF0004129
:10A060004FF00000A1F5002170470EF1020E2EF016
:10A07000030E5EF8044B244204D44FEA4102B2F1CD
:10A080007F4F11D84FEA4003B3F17F4F0CD80ED168
:10A090004FEAD07CB2F17F4F0CEB4C0C0CF1020C70
:10A0A00008BF4CEBD17C04E04FF0080C01E04FEA14
:10A0B000D17C0CEB4C0324FA03F404F00704B4F154
:10A0C000040C06D20EEB840CBDE810404CF0010CE1
:10A0D0006047DFE80CF0070802024FF00040A0F5EF
:10A0E000800010BD0846420018BFD2F1807288BFC0
:10A0F00000F0004010BD4FF04070E1EE100A7047D4
:10A10000F6F75BBEF7F734B9DCAA000800000000E0
:10A11000000000000000000000000000000400003B
:10A1200018000000000000000000000028AB00083C
:10A13000000000000000000000000000000000001F
:10A1400000040000180000000000000000000000F3
:10A15000E8AA000800000000000000000000000065
:10A1600000000000000400001800000000000000D3
:10A170000000000018AB0008000000000000000014
:10A1800000000000000000000004000018000000B3
:10A190000000000000000000F4AA00080000000019
:10A1A00000000000000000000000000000040000AB
:10A1B00010000000000000000000000034AB0008A8
:10A1C000000000000000000000000000000000008F
:10A1D0000004000018000000000000000000000063
:10A1E000FCAA0008000000000000000000000000C1
:10A1F0000000000000040000280000000000000033
:10A200000000000004AB0008000000000000000097
:10A210000000000000000000000400001800000022
:10A2200000000000000000000CAB0008000000006F
:10A23000000000000000000000000000000200001C
:10A24000010000000000000000000000030000000A
:10A2500000000000000000000400000000000000FA
:10A2600000000000000000000000000000000000EE
:10A27000000000000000001818181818180800083E
:10A280001800000000000034242424000000000016
:10A29000000000000000000016247F2424247E24F7
:10A2A00024000000000000083E6848681C161212D6
:10A2B0007C10100000000061D29674081016294925
:10A2C000C6000000000000003C646438724ACE46BC
:10A2D0007F0000000000001818181800000000009F
:10A2E000000000000000000408181030303030106A
:10A2F00010180C04000000201008080C0404040CC2
:10A3000008181020000000080A341C6A0800000029
:10A31000000000000000000000001818187F181846
:10A3200018000000000000000000000000000018FD
:10A33000180830000000000000000000003C000091
:10A3400000000000000000000000000000000018F5
:10A35000180000000000000206040C08081010207D
:10A3600020400000000000003C6642475B734266EC
:10A370003C000000000000001878480808080808A1
:10A380007E000000000000003C4606060408102085
:10A390007E000000000000007C0606043C0202066D
:10A3A0007C000000000000000C1C14246444FF0426
:10A3B00004000000000000007E6060607E02020673
:10A3C0007C000000000000001E30604876424262BF
:10A3D0003C000000000000007E0206040C0818107B
:10A3E00030000000000000003C6242361C66424221
:10A3F0003C000000000000003C664242661A020475
:10A40000780000000000000000001818000000188C
:10A4100018000000000000000000181800000018DC
:10A420001808300000000000000004183060100C14
:10A430000600000000000000000000007E007E001A
:10A4400000000000000000000000301804060C109E
:10A4500020000000000000301C0606061810001046
:10A46000100000000000001C224141DDB5A5A5AF91
:10A4700094C0403C00000000181C342426627E4337
:10A48000C1000000000000007C4642467C4242427F
:10A490007C000000000000001E2040404040406062
:10A4A0003E000000000000007C4642434343424619
:10A4B00078000000000000007E6060607E606060E8
:10A4C0007E000000000000007E6060607E606060D2
:10A4D00060000000000000001E604040CE4242626A
:10A4E0003E00000000000000424242427E424242E2
:10A4F00042000000000000007E18181818181818F4
:10A500007E000000000000007C04040404040444F5
:10A5100078000000000000004244485070584C444D
:10A5200042000000000000002020202020202020E9
:10A530003E000000000000006266675F5B5BC1C117
:10A54000C100000000000000626272525A4A4E468A
:10A5500046000000000000003C6243C3C3C34362E6
:10A560003C000000000000007C464242467840402B
:10A5700040000000000000003C6243C3C3C34362CC
:10A580003C180F00000000007C6662667C6C64660C
:10A5900062000000000000003E6040601C060202F5
:10A5A0007C000000000000007F1818181818181808
:10A5B0001800000000000000424242424242426253
:10A5C0003C00000000000000C14342622624341C0D
:10A5D0001800000000000000C1C141495B5B7666C5
:10A5E000660000000000000043663418181C246652
:10A5F000C300000000000000C14266341C18181897
:10A6000018000000000000007E02040C18102060FA
:10A610007E0000000000001C101010101010101020
:10A620001010101C000000402020101008080C041E
:10A63000060200000000003C0C0C0C0C0C0C0C0C76
:10A640000C0C0C3C00000000181C246200000000F0
:10A6500000000000000000000000000000000000FA
:10A66000000000FF000000201000000000000000BB
:10A67000000000000000000000003C06023E4246D0
:10A680007A0000000000004040405C6242424242CA
:10A690007C0000000000000000001E2060406020E0
:10A6A0003E0000000000000202023E62424242669A
:10A6B0003A0000000000000000003C62427E406062
:10A6C0003E0000000000000F1810107E1010101047
:10A6D000100000000000000000003F664266584085
:10A6E0003E43423C0000004040405C6242424242E5
:10A6F0004200000000000018180078080808080848
:10A700007E000000000000040C007C04040404042B
:10A7100004040C78000000606060626C787068640B
:10A72000620000000000007808080808080808080F
:10A730007E000000000000000000764B4B4B4B4BAE
:10A740004B0000000000000000005C6242424242F8
:10A75000420000000000000000003C6242434262F0
:10A760003C0000000000000000005C6242424242E7
:10A770007C4040400000000000003E6242424266D1
:10A780003A0202020000000000006E726360606026
:10A79000600000000000000000003E20203C060297
:10A7A0007C000000000000001010FE1010101010BF
:10A7B0001E000000000000000000424242424266CB
:10A7C0003A000000000000000000434266243418F4
:10A7D00018000000000000000000C1C15B5A5E6666
:10A7E0006600000000000000000062261C181C2605
:10A7F0006200000000000000000043426624341C98
:10A80000181830E00000000000007E060C18102030
:10A810007E0000000000000E1810101030701010A4
:10A820001010180E00000808080808080808080892
:10A830000808080800000030180808080C0E08086E
:10A84000080818300000000000000000714B0600EE
:10A8500000000000000000000000000007000000F1
:10A8600001000000020000000091E3720796E47509
:10A870000E9FED7C0998EA7B1C8DFF6E1B8AF869A0
:10A880001283F1601584F66738A9DB4A3FAEDC4DD0
:10A8900036A7D54431A0D24324B5C75623B2C05100
:10A8A0002ABBC9582DBCCE5F70E1930277E69405B0
:10A8B0007EEF9D0C79E89A0B6CFD8F1E6BFA881960
:10A8C00062F3811065F4861748D9AB3A4FDEAC3D90
:10A8D00046D7A53441D0A23354C5B72653C2B021C0
:10A8E0005ACBB9285DCCBE2FE0710392E776049570
:10A8F000EE7F0D9CE9780A9BFC6D1F8EFB6A188920
:10A90000F2631180F5641687D8493BAADF4E3CAD4F
:10A91000D64735A4D14032A3C45527B6C35220B17F
:10A92000CA5B29B8CD5C2EBF900173E2970674E52F
:10A930009E0F7DEC99087AEB8C1D6FFE8B1A68F9DF
:10A94000821361F0851466F7A8394BDAAF3E4CDD0F
:10A95000A63745D4A13042D3B42557C6B32250C13F
:10A96000BA2B59C8BD2C5ECF000000006410B71D83
:10A97000C8206E3BAC30D9269041DC76F4516B6B2D
:10A980005861B24D3C7105502083B8ED44930FF0EF
:10A99000E8A3D6D68CB361CBB0C2649BD4D2D386A5
:10A9A00078E20AA01CF2BDBD00000000000000001B
:10A9B0000400000003000000020000000006101662
:10A9C0000006101600000000000000000102030451
:10A9D0000607080900000000010203040400000843
:10A9E0000000000000000002000100001000000054
:10A9F00000000000000000003031323334353637BB
:10AA000038394142434445464030580030313233B2
:10AA100034353637383961626364656640307800B2
:10AA200030313233343536373839616263646566C4
:10AA3000787000303132333435363738394142435B
:10AA4000444546585000000002400000000000A0AD
:10AA50000000000005400000000000C800000000E9
:10AA60000C4000000000409C000000001940000065
:10AA70000020BCBE0000000034400000BFC91B8E97
:10AA800000000004B5400000504BCFD06607E2CF75
:10AA9000010000006C4100003E8251AADFEEA734A5
:10AAA00001000000D9420000DCB5A0E23A301F9757
:10AAB000FFFFFFFFB4450000FD25A0C8E9A3C14F7B
:10AAC000FFFFFFFFFF3F00000000008000000000CC
:10AAD000FF3F00000000008000000000626D653252
:10AAE00038305461736B0000706D32355461736B94
:10AAF000000000006C63645461736B00636D645408
:10AB000061736B0066616E5461736B006D6F6E698B
:10AB1000746F725461736B006469737472696275E7
:10AB2000746F725461736B006C69676874546173FD
:10AB30006B000000756172745461736B000000005B
:10AB40008CAC0008000000201C010000C4010008BB
:10AB5000A8AD00081C010020F45C0000E001000822
:10AB60001C00000043000000F8FFFFFF0C00000085
:10AB70000E0000000F0000002E0000001001000079
:10AB800043000000F8FFFFFF0040404040404040CD
:10AB900040404141414141404040404040404040B0
:10ABA0004040404040404040400502020202020254
:10ABB00002020202020202020220202020202020A3
:10ABC00020202002020202020202909090909090B7
:10ABD0001010101010101010101010101010101075
:10ABE00010101010020202020202888888888888E9
:10ABF00008080808080808080808080808080808D5
:10AC000008080808020202024000000000000000DC
:10AC10000000000000000000000000000000000034
:10AC20000000000000000000000000000000000024
:10AC30000000000000000000000000000000000014
:10AC40000000000000000000000000000000000004
:10AC500000000000000000000000000000000000F4
:10AC600000000000000000000000000000000000E4
:10AC700000000000000000000000000000000000D4
:10AC800000000000000000000000000000000000C4
:10AC900000000000000000000000000000000000B4
:10ACA00000000000000000000000000000000000A4
:10ACB0000000000000000000000000000000000094
:10ACC0000000000000000000000000000000000084
:10ACD0000000000000000000000000000000000074
:10ACE0000000000000000000000000000000000064
:10ACF0000000000000000000010000001000000043
:10AD00000000000000000000000000000000000043
:10AD10000000000001000000000000000000000032
:10AD2000000000000024F40000000000000000000B
:10AD30000000000000000000000000000000000013
:10AD40000000000000000000000000000000000003
:10AD500000000000000000000000000000000000F3
:10AD600000000000000000000000000000000000E3
:10AD700000000000000000000000000000000000D3
:10AD800000000000000000000000000000000000C3
:10AD900000000000000000000000000000000000B3
:08ADA000AAAAAAAA0000000003
:040000050800018965
:00000001FF
